{"category":"Baby","count_with_brand":109097,"price_with_brand":36.20804942966962,"count_without_brand":18,"price_without_brand":11.663333574930826}
