{"category":"Video_Games","count_with_brand":3247,"price_with_brand":71.48237117562039,"count_without_brand":20,"price_without_brand":8.436499691009521}
