{"category":"Sports_and_Outdoors","count_with_brand":184526,"price_with_brand":35.513176640535974,"count_without_brand":520,"price_without_brand":12.964211516168255}
