{"category":"Automotive","count_with_brand":13548,"price_with_brand":24.61765730157489,"count_without_brand":6,"price_without_brand":4.800000190734863}
