{"category":"Digital_Music","count_with_brand":8115,"price_with_brand":11.220391787707035,"count_without_brand":7564,"price_without_brand":12.592488007152099}
