{"category":"Home_and_Kitchen","count_with_brand":379186,"price_with_brand":43.726102368791565,"count_without_brand":421,"price_without_brand":14.443871776734849}
