{"category":"Electronics","count_with_brand":859029,"price_with_brand":71.19575571338231,"count_without_brand":1813,"price_without_brand":11.161042535671388}
