{"category":"Movies_and_TV","count_with_brand":159765,"price_with_brand":13.541440864248843,"count_without_brand":214791,"price_without_brand":11.024502077035319}
