{"category":"Toys_and_Games","count_with_brand":121120,"price_with_brand":27.6110201975009,"count_without_brand":23,"price_without_brand":9.563043324843697}
