{"category":"Beauty","count_with_brand":159888,"price_with_brand":13.858099525518487,"count_without_brand":232,"price_without_brand":5.145862035838695}
{"category":"Pet_Supplies","count_with_brand":126468,"price_with_brand":20.02539484441108,"count_without_brand":481,"price_without_brand":15.777255730420785}
