{"category":"CDs_and_Vinyl","count_with_brand":54649,"price_with_brand":12.334394345560716,"count_without_brand":86267,"price_without_brand":14.523574784429343}
