{"columns":["avg_price","brand","count","sale","year"],"index":[0,1,2,3,4,5,6,7,8,9,10,11,12,13,14,15,16,17,18,19,20,21,22,23,24,25,26,27,28,29,30,31,32,33,34,35,36,37,38,39,40,41,42,43,44,45,46,47,48,49,50,51,52,53,54,55,56,57,58,59,60,61,62,63,64,65,66,67,68,69,70,71,72,73,74,75,76,77,78,79,80,81,82,83,84,85,86,87,88,89,90,91,92,93,94,95,96,97,98,99,100,101,102,103,104,105,106,107,108,109,110,111,112,113,114,115,116,117,118,119,120,121,122,123,124,125,126,127,128,129,130,131,132,133,134,135,136,137,138,139,140,141,142,143,144,145,146,147,148,149,150,151,152,153,154,155,156,157,158,159,160,161,162,163,164,165,166,167,168,169,170,171,172,173,174,175,176,177,178,179,180,181,182,183,184,185,186,187,188,189,190,191,192,193,194,195,196,197,198,199,200,201,202,203,204,205,206,207,208,209,210,211,212,213,214,215,216,217,218,219,220,221,222,223,224,225],"data":[[71.748680047,"Logitech",197,14134.4899692535,2014],[15.6805045805,"Generic",119,1865.9800450802,2014],[79.9845192066,"Razer",104,8318.3899974823,2014],[96.5066663705,"SteelSeries",51,4921.8399848938,2014],[35.1942561941,"Microsoft",47,1654.1300411224,2014],[113.0016666571,"Mad Catz",30,3390.0499997139,2014],[119.8989644544,"Corsair",29,3477.0699691772,2014],[36.5547827016,"Atlus",23,840.7600021362,2014],[13.0,"White Label",18,234.0,2014],[117.790004015,"Nintendo",12,1413.4800481796,2014],[14.9899997711,"BD&amp;A",12,179.8799972534,2014],[57.5499992371,"digital family",9,517.9499931335,2014],[55.8300018311,"Anker",8,446.6400146484,2014],[100.5062475204,"CH Products",8,804.0499801636,2014],[35.6800003052,"Patuoxun",8,285.4400024414,2014],[28.0400009155,"Aula",8,224.3200073242,2014],[4.5,"BAFO NON-APC BRANDED CABLES",8,36.0,2014],[12.1062495708,"",8,96.8499965668,2014],[14.9899997711,"TekNmotion",7,104.9299983978,2014],[399.9899902344,"Sony",7,2799.9299316406,2014],[15.4699997902,"Neewer",6,92.8199987411,2014],[4.9499998093,"GEN",6,29.6999988556,2014],[0.9800000191,"Unknown",6,5.8800001144,2014],[33.2466669083,"JACOBSPARTS",6,199.4800014496,2014],[73.3900000254,"ROCCAT",6,440.3400001526,2014],[29.0,"Sharkoon",5,145.0,2014],[91.4499969482,"Cooler Master",4,365.799987793,2014],[86.6149997711,"Sennheiser",4,346.4599990845,2014],[5.5700001717,"Playstation",4,22.2800006866,2014],[44.8899993896,"OEM",3,134.6699981689,2014],[5.2300000191,"Gtron",3,15.6900000572,2014],[0.0099999998,"Micro Innovations",3,0.0299999993,2014],[13.9200000763,"AVALID",3,41.7600002289,2014],[36.0533332825,"Turtle Beach",3,108.1599998474,2014],[14.9399995804,"Activision",3,44.8199987411,2014],[1.2799999714,"sumoto",3,3.8399999142,2014],[6.9800000191,"Case",2,13.9600000381,2014],[162.5299987793,"Gigabyte",2,325.0599975586,2014],[5.2300000191,"General",2,10.4600000381,2014],[2.1900000572,"Pelican",1,2.1900000572,2014],[11.9899997711,"E-BLUE",1,11.9899997711,2014],[3.9800000191,"Sega",1,3.9800000191,2014],[5.9099998474,"Multitap",1,5.9099998474,2014],[21.6900005341,"711TEK",1,21.6900005341,2014],[1.5199999809,"Wimex",1,1.5199999809,2014],[11.8599996567,"MadModz, LLC",1,11.8599996567,2014],[24.9899997711,"KontrolFreek",1,24.9899997711,2014],[45.1699981689,"Hausbell",1,45.1699981689,2014],[359.7399902344,"beyerdynamic",1,359.7399902344,2014],[49.0,"Mionix",1,49.0,2014],[42.4900016785,"Wiisingonline",1,42.4900016785,2014],[49.1599998474,"Tt eSPORTS",1,49.1599998474,2014],[39.2099990845,"Monster Cable",1,39.2099990845,2014],[40.8499984741,"Lantomall",1,40.8499984741,2014],[9.1499996185,"Mr.Dealz",1,9.1499996185,2014],[70.106922983,"Logitech",325,22784.7499694824,2013],[18.6769403789,"Generic",183,3417.8800893426,2013],[85.0747974925,"Razer",173,14717.9399662018,2013],[38.7194960623,"Microsoft",99,3833.2301101685,2013],[69.024823559,"SteelSeries",85,5867.1100025177,2013],[105.8527441773,"Mad Catz",51,5398.4899530411,2013],[5.2300000191,"General",38,198.7400007248,2013],[399.9899902344,"Sony",36,14399.6396484375,2013],[14.9899997711,"BD&amp;A",33,494.6699924469,2013],[14.9899997711,"TekNmotion",32,479.6799926758,2013],[112.513181513,"Corsair",22,2475.2899932861,2013],[15.4323808125,"Activision",21,324.0799970627,2013],[44.8899993896,"OEM",17,763.129989624,2013],[29.9899997711,"White Label",15,449.8499965668,2013],[28.4753330231,"Turtle Beach",15,427.1299953461,2013],[133.3042903628,"Nintendo",14,1866.2600650787,2013],[57.5499992371,"digital family",12,690.5999908447,2013],[5.2300000191,"Gtron",11,57.5300002098,2013],[4.5,"BAFO NON-APC BRANDED CABLES",11,49.5,2013],[11.9899997711,"E-BLUE",10,119.8999977112,2013],[72.4155557421,"ROCCAT",9,651.7400016785,2013],[15.589999795,"Neewer",8,124.7199983597,2013],[4.9499998093,"GEN",8,39.5999984741,2013],[91.4499969482,"Cooler Master",8,731.5999755859,2013],[40.8499984741,"Lantomall",8,326.799987793,2013],[0.9800000191,"Unknown",7,6.8600001335,2013],[24.9899997711,"KontrolFreek",6,149.9399986267,2013],[29.0,"Sharkoon",6,174.0,2013],[35.6800003052,"Patuoxun",5,178.4000015259,2013],[36.4759998322,"JACOBSPARTS",5,182.3799991608,2013],[1.5199999809,"Wimex",4,6.0799999237,2013],[3.6800000668,"eForCity&amp;reg;",4,14.720000267,2013],[11.8599996567,"MadModz, LLC",4,47.4399986267,2013],[74.0525026321,"Sennheiser",4,296.2100105286,2013],[105.922498703,"CH Products",4,423.689994812,2013],[6.9800000191,"Case",4,27.9200000763,2013],[48.1550006866,"Tt eSPORTS",4,192.6200027466,2013],[13.9200000763,"AVALID",4,55.6800003052,2013],[55.8300018311,"Anker",4,223.3200073242,2013],[4.3799999999,"Micro Innovations",4,17.5199999996,2013],[162.5299987793,"Gigabyte",3,487.5899963379,2013],[42.4900016785,"Wiisingonline",3,127.4700050354,2013],[2.1900000572,"Pelican",3,6.5700001717,2013],[49.0,"Mionix",3,147.0,2013],[21.6900005341,"711TEK",3,65.0700016022,2013],[45.1699981689,"Hausbell",3,135.5099945068,2013],[9.1499996185,"Mr.Dealz",3,27.4499988556,2013],[28.0400009155,"Aula",2,56.0800018311,2013],[0.2300000042,"Myiico",2,0.4600000083,2013],[5.9899997711,"",2,11.9799995422,2013],[1.2799999714,"sumoto",2,2.5599999428,2013],[5.9099998474,"Multitap",2,11.8199996948,2013],[87.3372167214,"Logitech",97,8471.7100219727,2012],[92.3721953369,"Razer",82,7574.5200176239,2012],[14.5618990501,"Generic",79,1150.39002496,2012],[399.9899902344,"Sony",57,22799.4294433594,2012],[36.9900009973,"Microsoft",42,1553.5800418854,2012],[127.7441188588,"Mad Catz",34,4343.3000411987,2012],[37.2338096982,"SteelSeries",21,781.9100036621,2012],[111.0316677094,"Sennheiser",18,1998.5700187683,2012],[14.9899997711,"BD&amp;A",10,149.8999977112,2012],[5.2300000191,"General",8,41.8400001526,2012],[71.2471449716,"Nintendo",7,498.730014801,2012],[5.9899997711,"",6,35.9399986267,2012],[14.9899997711,"TekNmotion",6,89.9399986267,2012],[44.8899993896,"OEM",5,224.4499969482,2012],[40.8499984741,"Lantomall",5,204.2499923706,2012],[47.9540008545,"Tt eSPORTS",5,239.7700042725,2012],[14.9399995804,"Activision",4,59.7599983215,2012],[42.4900016785,"Wiisingonline",4,169.9600067139,2012],[21.6900005341,"711TEK",4,86.7600021362,2012],[4.9499998093,"GEN",4,19.7999992371,2012],[120.4899978638,"Atlantic VG",4,481.9599914551,2012],[1.5199999809,"Wimex",4,6.0799999237,2012],[38.7849998474,"Turtle Beach",4,155.1399993896,2012],[5.2300000191,"Gtron",4,20.9200000763,2012],[0.9800000191,"Unknown",3,2.9400000572,2012],[5.8366666666,"Micro Innovations",3,17.5099999998,2012],[57.5499992371,"digital family",3,172.6499977112,2012],[4.5,"BAFO NON-APC BRANDED CABLES",3,13.5,2012],[101.5599975586,"CH Products",3,304.6799926758,2012],[45.1699981689,"Hausbell",3,135.5099945068,2012],[3.6800000668,"eForCity&amp;reg;",2,7.3600001335,2012],[49.0,"Mionix",2,98.0,2012],[30.9400005341,"JACOBSPARTS",2,61.8800010681,2012],[45.6450004578,"Monster Cable",2,91.2900009155,2012],[5.9099998474,"Multitap",2,11.8199996948,2012],[6.9800000191,"Case",2,13.9600000381,2012],[29.0,"Sharkoon",1,29.0,2012],[2.1900000572,"Pelican",1,2.1900000572,2012],[359.7399902344,"beyerdynamic",1,359.7399902344,2012],[162.5299987793,"Gigabyte",1,162.5299987793,2012],[47.0600013733,"ROCCAT",1,47.0600013733,2012],[96.4283325311,