{"category":"Electronics","year":2007,"count":8618,"avg_rating":4.239266651195173}
{"category":"Electronics","year":2006,"count":3025,"avg_rating":4.0938842975206615}
