{"category":"Beauty","year":2007,"count":381,"avg_rating":4.296587926509186}
{"category":"Beauty","year":2006,"count":183,"avg_rating":4.382513661202186}
