{"category":"CDs_and_Vinyl","year":2014,"count":7418,"avg_rating":4.585602588298733}
{"category":"CDs_and_Vinyl","year":2013,"count":13964,"avg_rating":4.581924949871097}
