{"category":"Pet_Supplies","year":2010,"count":3674,"avg_rating":4.125476320087099}
{"category":"Pet_Supplies","year":2009,"count":1898,"avg_rating":4.192834562697576}
