{"category":"Home_and_Kitchen","year":2010,"count":16596,"avg_rating":4.200289226319595}
{"category":"Home_and_Kitchen","year":2009,"count":9961,"avg_rating":4.240036140949704}
