{"category":"Musical_Instruments","year":2013,"count":3107,"avg_rating":4.475378178307048}
{"category":"Musical_Instruments","year":2012,"count":1420,"avg_rating":4.48169014084507}
