{"category":"Health_and_Personal_Care","year":2009,"count":4035,"avg_rating":4.175712515489467}
{"category":"Health_and_Personal_Care","year":2008,"count":2802,"avg_rating":4.180585296216988}
