{"category":"Movies_and_TV","year":2005,"count":34762,"avg_rating":3.9079742247281515}
{"category":"Movies_and_TV","year":2004,"count":29034,"avg_rating":3.9002204312185715}
