{"category":"Movies_and_TV","year":2011,"count":18187,"avg_rating":4.13696596470006}
{"category":"Movies_and_TV","year":2010,"count":18314,"avg_rating":4.09036802446216}
