{"category":"Baby","year":2012,"count":18683,"avg_rating":4.167371407161591}
{"category":"Baby","year":2011,"count":11026,"avg_rating":4.164883003809178}
