{"category":"Grocery_and_Gourmet_Food","year":2014,"count":19392,"avg_rating":4.400835396039604}
{"category":"Grocery_and_Gourmet_Food","year":2013,"count":35062,"avg_rating":4.331213279333752}
