{"category":"Grocery_and_Gourmet_Food","year":2008,"count":1927,"avg_rating":4.4239750908147375}
{"category":"Grocery_and_Gourmet_Food","year":2007,"count":949,"avg_rating":4.373024236037935}
