{"category":"Tools_and_Home_Improvement","year":2012,"count":15610,"avg_rating":4.360858424087124}
{"category":"Tools_and_Home_Improvement","year":2011,"count":8047,"avg_rating":4.3278240338014164}
