{"category":"CDs_and_Vinyl","year":2008,"count":7561,"avg_rating":4.347705329982807}
{"category":"CDs_and_Vinyl","year":2007,"count":11806,"avg_rating":4.336354396069795}
