{"category":"Office_Products","year":2014,"count":8349,"avg_rating":4.378488441729549}
{"category":"Office_Products","year":2013,"count":9835,"avg_rating":4.390543975597357}
