{"category":"Electronics","year":2013,"count":336354,"avg_rating":4.277876879716014}
{"category":"Electronics","year":2012,"count":150220,"avg_rating":4.1955598455598455}
