{"category":"Baby","year":2006,"count":358,"avg_rating":4.078212290502793}
{"category":"Baby","year":2005,"count":565,"avg_rating":4.084955752212389}
