{"category":"Digital_Music","year":2012,"count":669,"avg_rating":4.467862481315396}
{"category":"Digital_Music","year":2011,"count":539,"avg_rating":4.35064935064935}
