{"category":"Office_Products","year":2008,"count":263,"avg_rating":4.2889733840304185}
{"category":"Office_Products","year":2007,"count":136,"avg_rating":4.419117647058823}
