{"category":"Patio_Lawn_and_Garden","year":2009,"count":172,"avg_rating":4.191860465116279}
{"category":"Patio_Lawn_and_Garden","year":2008,"count":115,"avg_rating":4.417391304347826}
