{"category":"Toys_and_Games","year":2013,"count":48715,"avg_rating":4.388217181566253}
{"category":"Toys_and_Games","year":2012,"count":23299,"avg_rating":4.327353105283488}
