{"category":"Digital_Music","year":2006,"count":2129,"avg_rating":4.0549553781117895}
{"category":"Digital_Music","year":2005,"count":3613,"avg_rating":3.9615278162192085}
