{"category":"Beauty","year":2013,"count":72283,"avg_rating":4.1925487320670145}
{"category":"Beauty","year":2012,"count":26373,"avg_rating":4.161870094414742}
