{"category":"Toys_and_Games","year":2007,"count":698,"avg_rating":4.375358166189112}
{"category":"Toys_and_Games","year":2006,"count":438,"avg_rating":4.296803652968037}
