{"category":"Sports_and_Outdoors","year":2011,"count":13787,"avg_rating":4.32965837383042}
{"category":"Sports_and_Outdoors","year":2010,"count":5037,"avg_rating":4.297002183839587}
