{"category":"Automotive","year":2011,"count":911,"avg_rating":4.4643249176728865}
{"category":"Automotive","year":2010,"count":385,"avg_rating":4.384415584415584}
