{"category":"Video_Games","year":2008,"count":17,"avg_rating":4.411764705882353}
{"category":"Video_Games","year":2007,"count":19,"avg_rating":4.2631578947368425}
