{"category":"Video_Games","year":2014,"count":803,"avg_rating":4.179327521793275}
{"category":"Video_Games","year":2013,"count":1344,"avg_rating":4.2492559523809526}
