{"category":"Baby","month":1,"year":2011,"count":744,"sale":25325.459980130196}
{"category":"Baby","month":1,"year":2010,"count":250,"sale":8965.179974675179}
{"category":"Baby","month":1,"year":2009,"count":97,"sale":4277.030023097992}
{"category":"Baby","month":1,"year":2008,"count":64,"sale":1582.8300032708794}
{"category":"Baby","month":1,"year":2007,"count":17,"sale":614.2300088498741}
{"category":"Baby","month":1,"year":2006,"count":62,"sale":1900.8700108528137}
{"category":"Baby","month":1,"year":2005,"count":42,"sale":1173.7600049972534}
{"category":"Baby","month":1,"year":2004,"count":12,"sale":242.97999954223633}
{"category":"Baby","month":1,"year":2003,"count":4,"sale":120.79999923706055}
{"category":"Baby","month":1,"year":2002,"count":3,"sale":84.27999877929688}
