{"category":"Musical_Instruments","month":7,"year":2013,"count":229,"sale":6782.049970779568}
{"category":"Musical_Instruments","month":7,"year":2012,"count":103,"sale":3663.539986997843}
{"category":"Musical_Instruments","month":7,"year":2011,"count":47,"sale":1924.0999825000763}
{"category":"Musical_Instruments","month":7,"year":2010,"count":13,"sale":349.15000355243683}
{"category":"Musical_Instruments","month":7,"year":2009,"count":7,"sale":516.7400007247925}
{"category":"Musical_Instruments","month":7,"year":2008,"count":3,"sale":65.78000068664551}
{"category":"Musical_Instruments","month":6,"year":2014,"count":278,"sale":6782.319989159703}
{"category":"Musical_Instruments","month":6,"year":2013,"count":175,"sale":5297.800008434802}
{"category":"Musical_Instruments","month":6,"year":2012,"count":95,"sale":3001.8899953849614}
{"category":"Musical_Instruments","month":6,"year":2011,"count":42,"sale":2144.119983959943}
