{"category":"Video_Games","month":2,"year":2010,"count":8,"sale":801.579996585846}
{"category":"Video_Games","month":2,"year":2009,"count":2,"sale":110.17999695241451}
{"category":"Video_Games","month":2,"year":2008,"count":1,"sale":0.009999999776482582}
{"category":"Video_Games","month":2,"year":2007,"count":3,"sale":243.39999771118164}
{"category":"Video_Games","month":2,"year":2006,"count":3,"sale":209.97000122070312}
{"category":"Video_Games","month":2,"year":2005,"count":1,"sale":50.9900016784668}
{"category":"Video_Games","month":2,"year":2004,"count":1,"sale":22.690000534057617}
{"category":"Video_Games","month":1,"year":2014,"count":156,"sale":8334.500031957403}
{"category":"Video_Games","month":1,"year":2013,"count":131,"sale":11527.109899917617}
{"category":"Video_Games","month":1,"year":2012,"count":34,"sale":2617.170002937317}
