{"category":"Sports_and_Outdoors","month":2,"year":2007,"count":14,"sale":547.6700038909912}
{"category":"Sports_and_Outdoors","month":2,"year":2006,"count":10,"sale":1007.1100063323975}
{"category":"Sports_and_Outdoors","month":2,"year":2004,"count":1,"sale":86.77999877929688}
{"category":"Sports_and_Outdoors","month":2,"year":2003,"count":1,"sale":90.05000305175781}
{"category":"Sports_and_Outdoors","month":1,"year":2014,"count":8417,"sale":296838.9099478051}
{"category":"Sports_and_Outdoors","month":1,"year":2013,"count":7305,"sale":232230.45023385435}
{"category":"Sports_and_Outdoors","month":1,"year":2012,"count":1873,"sale":80000.30007487535}
{"category":"Sports_and_Outdoors","month":1,"year":2011,"count":700,"sale":28936.69010925293}
{"category":"Sports_and_Outdoors","month":1,"year":2010,"count":271,"sale":11078.709997177124}
{"category":"Sports_and_Outdoors","month":1,"year":2009,"count":139,"sale":6390.98000455834}
{"category":"Sports_and_Outdoors","month":1,"year":2008,"count":46,"sale":2212.840003490448}
