{"category":"Toys_and_Games","month":2,"year":2012,"count":963,"sale":29200.7100621555}
{"category":"Toys_and_Games","month":2,"year":2011,"count":421,"sale":12943.550013780594}
{"category":"Toys_and_Games","month":2,"year":2010,"count":252,"sale":7633.970003128052}
{"category":"Toys_and_Games","month":2,"year":2009,"count":131,"sale":3932.8499870300293}
{"category":"Toys_and_Games","month":2,"year":2008,"count":45,"sale":1939.3299860954285}
{"category":"Toys_and_Games","month":2,"year":2007,"count":33,"sale":713.4800028204918}
{"category":"Toys_and_Games","month":2,"year":2006,"count":35,"sale":1989.540020942688}
{"category":"Toys_and_Games","month":2,"year":2005,"count":32,"sale":1519.3299951553345}
{"category":"Toys_and_Games","month":2,"year":2004,"count":17,"sale":461.5900025367737}
{"category":"Toys_and_Games","month":2,"year":2003,"count":9,"sale":188.15999794006348}
