{"category":"Home_and_Kitchen","month":7,"year":2006,"count":173,"sale":8442.82996225357}
{"category":"Home_and_Kitchen","month":7,"year":2005,"count":84,"sale":6501.709996700287}
{"category":"Home_and_Kitchen","month":7,"year":2004,"count":35,"sale":2213.809992790222}
{"category":"Home_and_Kitchen","month":7,"year":2003,"count":30,"sale":2172.92999124527}
{"category":"Home_and_Kitchen","month":7,"year":2002,"count":20,"sale":750.5400037765503}
{"category":"Home_and_Kitchen","month":7,"year":2001,"count":9,"sale":403.62999534606934}
{"category":"Home_and_Kitchen","month":7,"year":2000,"count":18,"sale":483.91000032424927}
{"category":"Home_and_Kitchen","month":6,"year":2014,"count":13311,"sale":581320.7900913805}
{"category":"Home_and_Kitchen","month":6,"year":2013,"count":10096,"sale":423178.74011104926}
{"category":"Home_and_Kitchen","month":6,"year":2012,"count":3271,"sale":172927.98979410343}
