{"category":"CDs_and_Vinyl","month":9,"year":2002,"count":944,"sale":12028.199968278408}
{"category":"CDs_and_Vinyl","month":9,"year":2001,"count":826,"sale":11540.759973287582}
{"category":"CDs_and_Vinyl","month":9,"year":2000,"count":975,"sale":13134.339969158173}
{"category":"CDs_and_Vinyl","month":9,"year":1999,"count":144,"sale":1897.2599883675575}
{"category":"CDs_and_Vinyl","month":9,"year":1998,"count":92,"sale":1082.9499905109406}
{"category":"CDs_and_Vinyl","month":8,"year":2013,"count":1088,"sale":14156.429912805557}
{"category":"CDs_and_Vinyl","month":8,"year":2012,"count":520,"sale":7214.559970140457}
{"category":"CDs_and_Vinyl","month":8,"year":2011,"count":476,"sale":6903.989974021912}
{"category":"CDs_and_Vinyl","month":8,"year":2010,"count":458,"sale":6480.139978170395}
{"category":"CDs_and_Vinyl","month":8,"year":2009,"count":509,"sale":7062.519984483719}
{"category":"CDs_and_Vinyl","month":8,"year":2008,"count":606,"sale":8823.109946489334}
