{"category":"Digital_Music","month":12,"year":2010,"count":34,"sale":370.99999380111694}
{"category":"Digital_Music","month":12,"year":2009,"count":64,"sale":884.599992275238}
{"category":"Digital_Music","month":12,"year":2008,"count":50,"sale":633.2399978637695}
{"category":"Digital_Music","month":12,"year":2007,"count":84,"sale":1180.5999946594238}
{"category":"Digital_Music","month":12,"year":2006,"count":138,"sale":1661.6399893760681}
{"category":"Digital_Music","month":12,"year":2005,"count":327,"sale":4270.09997844696}
{"category":"Digital_Music","month":12,"year":2004,"count":247,"sale":2836.4600014686584}
{"category":"Digital_Music","month":12,"year":2003,"count":184,"sale":2310.459987640381}
{"category":"Digital_Music","month":12,"year":2002,"count":189,"sale":2285.3599739074707}
{"category":"Digital_Music","month":12,"year":2001,"count":133,"sale":1652.1799974441528}
{"category":"Digital_Music","month":12,"year":2000,"count":145,"sale":1812.6799936294556}
