{"category":"Home_and_Kitchen","month":3,"year":2013,"count":12058,"sale":478393.75980795734}
{"category":"Home_and_Kitchen","month":3,"year":2012,"count":3425,"sale":170762.81001325324}
{"category":"Home_and_Kitchen","month":3,"year":2011,"count":2167,"sale":106209.62988424301}
{"category":"Home_and_Kitchen","month":3,"year":2010,"count":1143,"sale":52355.12982128933}
{"category":"Home_and_Kitchen","month":3,"year":2009,"count":756,"sale":33019.24996474385}
{"category":"Home_and_Kitchen","month":3,"year":2008,"count":489,"sale":24182.35987711884}
{"category":"Home_and_Kitchen","month":3,"year":2007,"count":437,"sale":19014.159915089607}
{"category":"Home_and_Kitchen","month":3,"year":2006,"count":172,"sale":10871.049971342087}
{"category":"Home_and_Kitchen","month":3,"year":2005,"count":87,"sale":6182.889976501465}
{"category":"Home_and_Kitchen","month":3,"year":2004,"count":31,"sale":1326.6700036525726}
{"category":"Home_and_Kitchen","month":3,"year":2003,"count":48,"sale":2170.2399864196777}
