{"category":"Movies_and_TV","month":3,"year":2010,"count":1646,"sale":22668.110043924302}
{"category":"Movies_and_TV","month":3,"year":2009,"count":1683,"sale":21258.620000636205}
{"category":"Movies_and_TV","month":3,"year":2008,"count":1983,"sale":25039.040009137243}
{"category":"Movies_and_TV","month":3,"year":2007,"count":2923,"sale":37630.740022830665}
{"category":"Movies_and_TV","month":3,"year":2006,"count":3150,"sale":39598.13993091695}
{"category":"Movies_and_TV","month":3,"year":2005,"count":3003,"sale":34815.63994004205}
{"category":"Movies_and_TV","month":3,"year":2004,"count":2127,"sale":26015.869983009994}
{"category":"Movies_and_TV","month":3,"year":2003,"count":1886,"sale":20916.1699220147}
{"category":"Movies_and_TV","month":3,"year":2002,"count":1951,"sale":20330.01992791891}
{"category":"Movies_and_TV","month":3,"year":2001,"count":1430,"sale":12535.659940792248}
