{"category":"Baby","month":3,"year":2006,"count":37,"sale":1099.4400033950806}
{"category":"Baby","month":3,"year":2005,"count":40,"sale":1179.3600072860718}
{"category":"Baby","month":3,"year":2004,"count":17,"sale":389.85999727249146}
{"category":"Baby","month":3,"year":2003,"count":9,"sale":294.979998588562}
{"category":"Baby","month":3,"year":2002,"count":1,"sale":50.31999969482422}
{"category":"Baby","month":2,"year":2014,"count":3706,"sale":126629.16032905318}
{"category":"Baby","month":2,"year":2013,"count":3353,"sale":120042.0604146216}
{"category":"Baby","month":2,"year":2012,"count":1188,"sale":44939.17009276152}
{"category":"Baby","month":2,"year":2011,"count":690,"sale":24561.1299686525}
{"category":"Baby","month":2,"year":2010,"count":222,"sale":8151.239959210157}
{"category":"Baby","month":2,"year":2009,"count":86,"sale":2864.560004234314}
