{"category":"Baby","month":5,"year":2011,"count":877,"sale":27047.960052490234}
{"category":"Baby","month":5,"year":2010,"count":300,"sale":10081.470006227493}
{"category":"Baby","month":5,"year":2009,"count":110,"sale":4719.210030913353}
{"category":"Baby","month":5,"year":2008,"count":50,"sale":2457.7200055122375}
{"category":"Baby","month":5,"year":2007,"count":36,"sale":1006.8999972343445}
{"category":"Baby","month":5,"year":2006,"count":30,"sale":837.2400069236755}
{"category":"Baby","month":5,"year":2005,"count":58,"sale":1385.5099997520447}
{"category":"Baby","month":5,"year":2004,"count":14,"sale":261.9999976158142}
{"category":"Baby","month":5,"year":2003,"count":3,"sale":86.46000337600708}
{"category":"Baby","month":5,"year":2002,"count":1,"sale":20.969999313354492}
