{"category":"Beauty","month":11,"year":2007,"count":33,"sale":672.3800006210804}
{"category":"Beauty","month":11,"year":2006,"count":20,"sale":504.5}
{"category":"Beauty","month":11,"year":2005,"count":5,"sale":154.20000457763672}
{"category":"Beauty","month":11,"year":2004,"count":4,"sale":53.519999980926514}
{"category":"Beauty","month":11,"year":2003,"count":1,"sale":24.59000015258789}
{"category":"Beauty","month":11,"year":2002,"count":1,"sale":38.95000076293945}
{"category":"Beauty","month":10,"year":2013,"count":5363,"sale":66880.20988470875}
{"category":"Beauty","month":10,"year":2012,"count":2016,"sale":36225.08986868709}
{"category":"Beauty","month":10,"year":2011,"count":940,"sale":14494.76999525167}
{"category":"Beauty","month":10,"year":2010,"count":346,"sale":6569.800017118454}
