{"category":"Digital_Music","month":3,"year":2011,"count":28,"sale":385.5799970626831}
{"category":"Digital_Music","month":3,"year":2010,"count":34,"sale":375.89999771118164}
{"category":"Digital_Music","month":3,"year":2009,"count":62,"sale":689.1799960136414}
{"category":"Digital_Music","month":3,"year":2008,"count":74,"sale":744.9399924278259}
{"category":"Digital_Music","month":3,"year":2007,"count":103,"sale":1270.8799905776978}
{"category":"Digital_Music","month":3,"year":2006,"count":202,"sale":2405.2799849510193}
{"category":"Digital_Music","month":3,"year":2005,"count":509,"sale":5667.179883956909}
{"category":"Digital_Music","month":3,"year":2004,"count":196,"sale":2335.4399824142456}
{"category":"Digital_Music","month":3,"year":2003,"count":154,"sale":1784.3399815559387}
{"category":"Digital_Music","month":3,"year":2002,"count":132,"sale":1608.319986820221}
{"category":"Digital_Music","month":3,"year":2001,"count":141,"sale":1622.919985294342}
