{"category":"Electronics","month":3,"year":2009,"count":1617,"sale":127675.64039978199}
{"category":"Electronics","month":3,"year":2008,"count":982,"sale":98554.54015489109}
{"category":"Electronics","month":3,"year":2007,"count":691,"sale":50285.93992058188}
{"category":"Electronics","month":3,"year":2006,"count":293,"sale":28714.489934146404}
{"category":"Electronics","month":3,"year":2005,"count":122,"sale":10169.210027575493}
{"category":"Electronics","month":3,"year":2004,"count":58,"sale":4708.350018978119}
{"category":"Electronics","month":3,"year":2003,"count":41,"sale":2823.359996318817}
{"category":"Electronics","month":3,"year":2002,"count":18,"sale":723.8599920272827}
{"category":"Electronics","month":3,"year":2001,"count":13,"sale":629.0399856567383}
{"category":"Electronics","month":3,"year":2000,"count":2,"sale":35.00999999977648}
{"category":"Electronics","month":2,"year":2014,"count":30551,"sale":2284185.8075518105}
