{"category":"Electronics","month":9,"year":2003,"count":37,"sale":2026.1800076961517}
{"category":"Electronics","month":9,"year":2002,"count":25,"sale":1921.6700024604797}
{"category":"Electronics","month":9,"year":2001,"count":19,"sale":912.2600028607994}
{"category":"Electronics","month":9,"year":2000,"count":13,"sale":1306.7799997329712}
{"category":"Electronics","month":8,"year":2013,"count":26755,"sale":1879760.689946346}
{"category":"Electronics","month":8,"year":2012,"count":10610,"sale":713291.7600816097}
{"category":"Electronics","month":8,"year":2011,"count":7399,"sale":473137.47887355834}
{"category":"Electronics","month":8,"year":2010,"count":3360,"sale":217895.59024665318}
{"category":"Electronics","month":8,"year":2009,"count":1708,"sale":118542.08002874255}
{"category":"Electronics","month":8,"year":2008,"count":1092,"sale":93151.90013239533}
