{"category":"Electronics","month":8,"year":2007,"count":670,"sale":61961.829880861565}
{"category":"Electronics","month":8,"year":2006,"count":310,"sale":31269.98006013781}
{"category":"Electronics","month":8,"year":2005,"count":175,"sale":15880.890002965927}
{"category":"Electronics","month":8,"year":2004,"count":44,"sale":3862.440062522888}
{"category":"Electronics","month":8,"year":2003,"count":46,"sale":4387.48003578186}
{"category":"Electronics","month":8,"year":2002,"count":25,"sale":1945.869995355606}
{"category":"Electronics","month":8,"year":2001,"count":15,"sale":1182.4399948120117}
{"category":"Electronics","month":8,"year":2000,"count":12,"sale":1125.06998921372}
{"category":"Electronics","month":7,"year":2014,"count":18674,"sale":1522773.5778409746}
{"category":"Electronics","month":7,"year":2013,"count":26004,"sale":1816310.7198990006}
{"category":"Electronics","month":7,"year":2012,"count":10705,"sale":723833.7098004911}
