{"category":"CDs_and_Vinyl","month":9,"year":2012,"count":554,"sale":7667.63999247551}
{"category":"CDs_and_Vinyl","month":9,"year":2011,"count":430,"sale":6130.549976110458}
{"category":"CDs_and_Vinyl","month":9,"year":2010,"count":406,"sale":5699.559987306595}
{"category":"CDs_and_Vinyl","month":9,"year":2009,"count":628,"sale":9579.679972171783}
{"category":"CDs_and_Vinyl","month":9,"year":2008,"count":544,"sale":8002.669961631298}
{"category":"CDs_and_Vinyl","month":9,"year":2007,"count":842,"sale":12448.349963366985}
{"category":"CDs_and_Vinyl","month":9,"year":2006,"count":1121,"sale":14554.019940495491}
{"category":"CDs_and_Vinyl","month":9,"year":2005,"count":2168,"sale":28960.309851527214}
{"category":"CDs_and_Vinyl","month":9,"year":2004,"count":1486,"sale":18621.229935765266}
{"category":"CDs_and_Vinyl","month":9,"year":2003,"count":1279,"sale":16945.47988510132}
