{"category":"Video_Games","month":3,"year":2009,"count":2,"sale":166.40000534057617}
{"category":"Video_Games","month":3,"year":2007,"count":4,"sale":351.75999450683594}
{"category":"Video_Games","month":3,"year":2006,"count":1,"sale":50.9900016784668}
{"category":"Video_Games","month":3,"year":2005,"count":1,"sale":50.9900016784668}
{"category":"Video_Games","month":3,"year":2003,"count":1,"sale":129.99000549316406}
{"category":"Video_Games","month":3,"year":2001,"count":3,"sale":42.570000648498535}
{"category":"Video_Games","month":2,"year":2014,"count":102,"sale":5774.4300282001495}
{"category":"Video_Games","month":2,"year":2013,"count":74,"sale":4005.2399689257145}
{"category":"Video_Games","month":2,"year":2012,"count":48,"sale":3215.7300176620483}
{"category":"Video_Games","month":2,"year":2011,"count":15,"sale":629.5099987983704}
