{"category":"Digital_Music","month":11,"year":2005,"count":404,"sale":6553.6199316978455}
{"category":"Digital_Music","month":11,"year":2004,"count":174,"sale":1911.9799914360046}
{"category":"Digital_Music","month":11,"year":2003,"count":167,"sale":2025.6399779319763}
{"category":"Digital_Music","month":11,"year":2002,"count":153,"sale":1771.3600001335144}
{"category":"Digital_Music","month":11,"year":2001,"count":150,"sale":1713.8599910736084}
{"category":"Digital_Music","month":11,"year":2000,"count":126,"sale":1412.2399926185608}
{"category":"Digital_Music","month":11,"year":1999,"count":44,"sale":515.379997253418}
{"category":"Digital_Music","month":11,"year":1998,"count":10,"sale":105.0}
{"category":"Digital_Music","month":10,"year":2013,"count":80,"sale":917.8399949073792}
{"category":"Digital_Music","month":10,"year":2012,"count":42,"sale":511.57999897003174}
{"category":"Digital_Music","month":10,"year":2011,"count":60,"sale":674.979992389679}
