{"category":"Electronics","month":4,"year":2014,"count":27867,"sale":2173869.127517838}
{"category":"Electronics","month":4,"year":2013,"count":26916,"sale":1800998.0902386755}
{"category":"Electronics","month":4,"year":2012,"count":9065,"sale":577591.4897953812}
{"category":"Electronics","month":4,"year":2011,"count":5749,"sale":371679.9996419195}
{"category":"Electronics","month":4,"year":2010,"count":2659,"sale":181759.22988431528}
{"category":"Electronics","month":4,"year":2009,"count":1654,"sale":117886.29011586122}
{"category":"Electronics","month":4,"year":2008,"count":1079,"sale":100112.59996564686}
{"category":"Electronics","month":4,"year":2007,"count":476,"sale":43333.83999479748}
{"category":"Electronics","month":4,"year":2006,"count":187,"sale":23011.170021781698}
{"category":"Electronics","month":4,"year":2005,"count":64,"sale":6421.990001440048}
