{"category":"Sports_and_Outdoors","month":11,"year":2007,"count":39,"sale":2128.9300022125244}
{"category":"Sports_and_Outdoors","month":11,"year":2006,"count":21,"sale":1059.9999952316284}
{"category":"Sports_and_Outdoors","month":11,"year":2005,"count":10,"sale":296.45999670028687}
{"category":"Sports_and_Outdoors","month":11,"year":2004,"count":3,"sale":130.21999883651733}
{"category":"Sports_and_Outdoors","month":10,"year":2013,"count":6548,"sale":223913.5899367351}
{"category":"Sports_and_Outdoors","month":10,"year":2012,"count":2728,"sale":103276.69997455552}
{"category":"Sports_and_Outdoors","month":10,"year":2011,"count":1255,"sale":48415.310130734}
{"category":"Sports_and_Outdoors","month":10,"year":2010,"count":520,"sale":21900.13998091221}
{"category":"Sports_and_Outdoors","month":10,"year":2009,"count":231,"sale":9223.140014648438}
{"category":"Sports_and_Outdoors","month":10,"year":2008,"count":81,"sale":3696.7800192832947}
{"category":"Sports_and_Outdoors","month":10,"year":2007,"count":42,"sale":1651.9600014686584}
