{"category":"CDs_and_Vinyl","month":7,"year":2014,"count":624,"sale":8061.839978218079}
{"category":"CDs_and_Vinyl","month":7,"year":2013,"count":1157,"sale":14895.159938573837}
{"category":"CDs_and_Vinyl","month":7,"year":2012,"count":529,"sale":7209.1599769592285}
{"category":"CDs_and_Vinyl","month":7,"year":2011,"count":460,"sale":7019.069966077805}
{"category":"CDs_and_Vinyl","month":7,"year":2010,"count":497,"sale":7138.52996969223}
{"category":"CDs_and_Vinyl","month":7,"year":2009,"count":534,"sale":7677.249977350235}
{"category":"CDs_and_Vinyl","month":7,"year":2008,"count":618,"sale":9129.869964063168}
{"category":"CDs_and_Vinyl","month":7,"year":2007,"count":967,"sale":14092.189966201782}
{"category":"CDs_and_Vinyl","month":7,"year":2006,"count":1481,"sale":20926.94990605116}
{"category":"CDs_and_Vinyl","month":7,"year":2005,"count":1959,"sale":24528.219878911972}
{"category":"CDs_and_Vinyl","month":7,"year":2004,"count":1540,"sale":19826.58996939659}
