{"category":"Beauty","month":5,"year":2011,"count":717,"sale":11419.109976990148}
{"category":"Beauty","month":5,"year":2010,"count":305,"sale":6762.229947298765}
{"category":"Beauty","month":5,"year":2009,"count":175,"sale":3967.409986138344}
{"category":"Beauty","month":5,"year":2008,"count":114,"sale":2093.4199987649918}
{"category":"Beauty","month":5,"year":2007,"count":30,"sale":743.7200000286102}
{"category":"Beauty","month":5,"year":2006,"count":13,"sale":221.67000102996826}
{"category":"Beauty","month":5,"year":2005,"count":2,"sale":292.289999961853}
{"category":"Beauty","month":5,"year":2004,"count":10,"sale":172.26000022888184}
{"category":"Beauty","month":5,"year":2003,"count":1,"sale":26.59000015258789}
{"category":"Beauty","month":4,"year":2014,"count":6713,"sale":81785.94976074807}
