{"category":"Movies_and_TV","month":10,"year":2008,"count":1887,"sale":24046.089954501018}
{"category":"Movies_and_TV","month":10,"year":2007,"count":1965,"sale":25650.349982000887}
{"category":"Movies_and_TV","month":10,"year":2006,"count":2090,"sale":26276.67001881823}
{"category":"Movies_and_TV","month":10,"year":2005,"count":2966,"sale":37324.48997151293}
{"category":"Movies_and_TV","month":10,"year":2004,"count":2490,"sale":29193.059961779043}
{"category":"Movies_and_TV","month":10,"year":2003,"count":2205,"sale":23066.639925742522}
{"category":"Movies_and_TV","month":10,"year":2002,"count":1688,"sale":19624.509980717674}
{"category":"Movies_and_TV","month":10,"year":2001,"count":1503,"sale":14485.369948722422}
{"category":"Movies_and_TV","month":10,"year":2000,"count":1350,"sale":12490.32995182462}
{"category":"Movies_and_TV","month":10,"year":1999,"count":361,"sale":3037.9799818191677}
