{"category":"Beauty","month":1,"year":2004,"count":3,"sale":92.61999988555908}
{"category":"Baby","month":12,"year":2013,"count":4833,"sale":177730.39062286355}
{"category":"Baby","month":12,"year":2012,"count":3549,"sale":117583.32028036192}
{"category":"Baby","month":12,"year":2011,"count":1123,"sale":41425.17017894983}
{"category":"Baby","month":12,"year":2010,"count":565,"sale":18983.170050024986}
{"category":"Baby","month":12,"year":2009,"count":194,"sale":8494.530013799667}
{"category":"Baby","month":12,"year":2008,"count":85,"sale":3169.8299802541733}
{"category":"Baby","month":12,"year":2007,"count":33,"sale":1313.820008277893}
{"category":"Baby","month":12,"year":2006,"count":19,"sale":449.47000455856323}
{"category":"Baby","month":12,"year":2005,"count":51,"sale":1412.3100004196167}
