{"category":"Beauty","month":7,"year":2009,"count":157,"sale":3097.0800079107285}
{"category":"Beauty","month":7,"year":2008,"count":152,"sale":4001.179980069399}
{"category":"Beauty","month":7,"year":2007,"count":45,"sale":1041.680002450943}
{"category":"Beauty","month":7,"year":2006,"count":24,"sale":653.6100046634674}
{"category":"Beauty","month":7,"year":2005,"count":13,"sale":396.57000827789307}
{"category":"Beauty","month":7,"year":2004,"count":3,"sale":35.699999928474426}
{"category":"Beauty","month":6,"year":2014,"count":5441,"sale":75039.85995176621}
{"category":"Beauty","month":6,"year":2013,"count":5474,"sale":69376.49983392283}
{"category":"Beauty","month":6,"year":2012,"count":2118,"sale":26119.59000228718}
{"category":"Beauty","month":6,"year":2011,"count":798,"sale":11841.529993372038}
