{"category":"Home_and_Kitchen","month":10,"year":2005,"count":118,"sale":5742.499998092651}
{"category":"Home_and_Kitchen","month":10,"year":2004,"count":43,"sale":2316.5099925994873}
{"category":"Home_and_Kitchen","month":10,"year":2003,"count":44,"sale":1599.2500133514404}
{"category":"Home_and_Kitchen","month":10,"year":2002,"count":24,"sale":1177.9799919128418}
{"category":"Home_and_Kitchen","month":10,"year":2001,"count":21,"sale":2190.97998714447}
{"category":"Home_and_Kitchen","month":10,"year":2000,"count":13,"sale":389.870005607605}
{"category":"Home_and_Kitchen","month":9,"year":2013,"count":9777,"sale":433778.00014185533}
{"category":"Home_and_Kitchen","month":9,"year":2012,"count":4169,"sale":192759.41029354744}
{"category":"Home_and_Kitchen","month":9,"year":2011,"count":3007,"sale":161292.86945719458}
{"category":"Home_and_Kitchen","month":9,"year":2010,"count":1512,"sale":79262.74987149239}
{"category":"Home_and_Kitchen","month":9,"year":2009,"count":875,"sale":44798.38985982537}
