{"category":"Video_Games","month":6,"year":2010,"count":12,"sale":935.0799880027771}
{"category":"Video_Games","month":6,"year":2008,"count":3,"sale":138.3900032043457}
{"category":"Video_Games","month":6,"year":2006,"count":1,"sale":36.40999984741211}
{"category":"Video_Games","month":6,"year":2004,"count":1,"sale":50.9900016784668}
{"category":"Video_Games","month":6,"year":2003,"count":1,"sale":112.0}
{"category":"Video_Games","month":5,"year":2014,"count":136,"sale":8556.199970245361}
{"category":"Video_Games","month":5,"year":2013,"count":131,"sale":7929.519972085953}
{"category":"Video_Games","month":5,"year":2012,"count":26,"sale":1710.790002822876}
{"category":"Video_Games","month":5,"year":2011,"count":17,"sale":1163.8300020694733}
{"category":"Video_Games","month":5,"year":2010,"count":5,"sale":829.6199836730957}
{"category":"Video_Games","month":5,"year":2009,"count":2,"sale":168.9099998474121}
