{"category":"Electronics","month":2,"year":2003,"count":40,"sale":2623.959991455078}
{"category":"Electronics","month":2,"year":2002,"count":16,"sale":1088.5800080299377}
{"category":"Electronics","month":2,"year":2001,"count":19,"sale":670.2899975776672}
{"category":"Electronics","month":1,"year":2014,"count":37319,"sale":2847515.9285597075}
{"category":"Electronics","month":1,"year":2013,"count":34625,"sale":2148062.171207128}
{"category":"Electronics","month":1,"year":2012,"count":11275,"sale":690427.9195096362}
{"category":"Electronics","month":1,"year":2011,"count":5735,"sale":395304.9301063586}
{"category":"Electronics","month":1,"year":2010,"count":2953,"sale":205674.40994857997}
{"category":"Electronics","month":1,"year":2009,"count":2130,"sale":176636.37028750032}
{"category":"Electronics","month":1,"year":2008,"count":1188,"sale":113240.24994513765}
{"category":"Electronics","month":1,"year":2007,"count":1015,"sale":82752.84991562553}
