{"category":"Beauty","month":3,"year":2014,"count":7854,"sale":95861.70992341451}
{"category":"Beauty","month":3,"year":2013,"count":8116,"sale":99612.57975244708}
{"category":"Beauty","month":3,"year":2012,"count":1454,"sale":23420.429969580844}
{"category":"Beauty","month":3,"year":2011,"count":785,"sale":15070.799982190132}
{"category":"Beauty","month":3,"year":2010,"count":244,"sale":4290.200023716316}
{"category":"Beauty","month":3,"year":2009,"count":281,"sale":5995.159969806671}
{"category":"Beauty","month":3,"year":2008,"count":108,"sale":2137.7700023651123}
{"category":"Beauty","month":3,"year":2007,"count":32,"sale":708.3700067996979}
{"category":"Beauty","month":3,"year":2006,"count":11,"sale":194.32000064849854}
{"category":"Beauty","month":3,"year":2005,"count":7,"sale":105.92999935150146}
{"category":"Beauty","month":3,"year":2004,"count":1,"sale":4.5}
