{"category":"Video_Games","month":11,"year":2013,"count":115,"sale":6078.239981889725}
{"category":"Video_Games","month":11,"year":2012,"count":58,"sale":9602.179826885462}
{"category":"Video_Games","month":11,"year":2011,"count":39,"sale":2792.2899899482727}
{"category":"Video_Games","month":11,"year":2010,"count":19,"sale":1360.5699996948242}
{"category":"Video_Games","month":11,"year":2009,"count":14,"sale":1962.6699905395508}
{"category":"Video_Games","month":11,"year":2008,"count":3,"sale":78.64000129699707}
{"category":"Video_Games","month":11,"year":2007,"count":1,"sale":36.40999984741211}
{"category":"Video_Games","month":11,"year":2005,"count":1,"sale":94.98999786376953}
{"category":"Video_Games","month":11,"year":2004,"count":3,"sale":302.9699935913086}
{"category":"Video_Games","month":11,"year":2001,"count":2,"sale":42.86000108718872}
