{"category":"Sports_and_Outdoors","month":1,"year":2007,"count":38,"sale":2559.7199883461}
{"category":"Sports_and_Outdoors","month":1,"year":2006,"count":12,"sale":1008.0300006866455}
{"category":"Sports_and_Outdoors","month":1,"year":2003,"count":1,"sale":31.709999084472656}
{"category":"Musical_Instruments","month":12,"year":2013,"count":307,"sale":8905.370016664267}
{"category":"Musical_Instruments","month":12,"year":2012,"count":266,"sale":8714.000003039837}
{"category":"Musical_Instruments","month":12,"year":2011,"count":90,"sale":2428.530013754964}
{"category":"Musical_Instruments","month":12,"year":2010,"count":46,"sale":1429.460000231862}
{"category":"Musical_Instruments","month":12,"year":2009,"count":11,"sale":605.3400030136108}
{"category":"Musical_Instruments","month":12,"year":2008,"count":13,"sale":330.53000140190125}
{"category":"Musical_Instruments","month":12,"year":2007,"count":5,"sale":172.55999946594238}
