{"category":"Beauty","month":12,"year":2007,"count":44,"sale":1360.6900081634521}
{"category":"Beauty","month":12,"year":2006,"count":16,"sale":238.0900011062622}
{"category":"Beauty","month":12,"year":2005,"count":13,"sale":142.62000179290771}
{"category":"Beauty","month":12,"year":2004,"count":4,"sale":144.1500015258789}
{"category":"Beauty","month":12,"year":2003,"count":5,"sale":41.09999907016754}
{"category":"Beauty","month":11,"year":2013,"count":5541,"sale":70799.02989087813}
{"category":"Beauty","month":11,"year":2012,"count":2993,"sale":44189.63990165293}
{"category":"Beauty","month":11,"year":2011,"count":1024,"sale":17323.919987048954}
{"category":"Beauty","month":11,"year":2010,"count":385,"sale":7679.33001595363}
{"category":"Beauty","month":11,"year":2009,"count":130,"sale":2348.2799994945526}
{"category":"Beauty","month":11,"year":2008,"count":101,"sale":2411.469997793436}
