{"category":"Digital_Music","month":8,"year":2010,"count":38,"sale":495.3399968147278}
{"category":"Digital_Music","month":8,"year":2009,"count":58,"sale":751.8199939727783}
{"category":"Digital_Music","month":8,"year":2008,"count":76,"sale":926.3399891853333}
{"category":"Digital_Music","month":8,"year":2007,"count":116,"sale":1369.21999502182}
{"category":"Digital_Music","month":8,"year":2006,"count":141,"sale":1607.7799744606018}
{"category":"Digital_Music","month":8,"year":2005,"count":255,"sale":2872.399977684021}
{"category":"Digital_Music","month":8,"year":2004,"count":136,"sale":1604.0999884605408}
{"category":"Digital_Music","month":8,"year":2003,"count":153,"sale":1736.639991760254}
{"category":"Digital_Music","month":8,"year":2002,"count":132,"sale":1682.4799938201904}
{"category":"Digital_Music","month":8,"year":2001,"count":125,"sale":1513.1399879455566}
