{"category":"Movies_and_TV","month":3,"year":2000,"count":1219,"sale":11167.789942679927}
{"category":"Movies_and_TV","month":3,"year":1999,"count":124,"sale":1180.349993944168}
{"category":"Movies_and_TV","month":3,"year":1998,"count":2,"sale":14.789999961853027}
{"category":"Movies_and_TV","month":2,"year":2014,"count":7182,"sale":80652.39985680394}
{"category":"Movies_and_TV","month":2,"year":2013,"count":6511,"sale":77265.04994645156}
{"category":"Movies_and_TV","month":2,"year":2012,"count":1580,"sale":20413.96998030506}
{"category":"Movies_and_TV","month":2,"year":2011,"count":1306,"sale":17663.0599920135}
{"category":"Movies_and_TV","month":2,"year":2010,"count":1662,"sale":22430.12002001144}
{"category":"Movies_and_TV","month":2,"year":2009,"count":1683,"sale":21558.75998101756}
{"category":"Movies_and_TV","month":2,"year":2008,"count":2130,"sale":26598.04995959252}
