{"category":"Electronics","month":12,"year":2012,"count":32715,"sale":2065808.769520415}
{"category":"Electronics","month":12,"year":2011,"count":10543,"sale":694845.1392685175}
{"category":"Electronics","month":12,"year":2010,"count":5439,"sale":402027.18991539255}
{"category":"Electronics","month":12,"year":2009,"count":2566,"sale":217907.34999733232}
{"category":"Electronics","month":12,"year":2008,"count":1737,"sale":142923.07016180456}
{"category":"Electronics","month":12,"year":2007,"count":989,"sale":82539.09000180103}
{"category":"Electronics","month":12,"year":2006,"count":372,"sale":46103.009950418025}
{"category":"Electronics","month":12,"year":2005,"count":191,"sale":21752.159930229187}
{"category":"Electronics","month":12,"year":2004,"count":98,"sale":8892.870020031929}
{"category":"Electronics","month":12,"year":2003,"count":47,"sale":3700.280020713806}
