{"category":"CDs_and_Vinyl","month":4,"year":2013,"count":1272,"sale":16645.819908976555}
{"category":"CDs_and_Vinyl","month":4,"year":2012,"count":491,"sale":6865.249988079071}
{"category":"CDs_and_Vinyl","month":4,"year":2011,"count":490,"sale":7053.759993553162}
{"category":"CDs_and_Vinyl","month":4,"year":2010,"count":483,"sale":6894.859966576099}
{"category":"CDs_and_Vinyl","month":4,"year":2009,"count":516,"sale":7532.079959392548}
{"category":"CDs_and_Vinyl","month":4,"year":2008,"count":727,"sale":10164.389943361282}
{"category":"CDs_and_Vinyl","month":4,"year":2007,"count":945,"sale":13153.219943761826}
{"category":"CDs_and_Vinyl","month":4,"year":2006,"count":1517,"sale":20021.539919137955}
{"category":"CDs_and_Vinyl","month":4,"year":2005,"count":1796,"sale":23459.80986380577}
{"category":"CDs_and_Vinyl","month":4,"year":2004,"count":1568,"sale":20517.049931526184}
{"category":"CDs_and_Vinyl","month":4,"year":2003,"count":1167,"sale":15018.589940071106}
