{"category":"Electronics","month":1,"year":2006,"count":240,"sale":23880.170050511137}
{"category":"Electronics","month":1,"year":2005,"count":127,"sale":13315.27006483078}
{"category":"Electronics","month":1,"year":2004,"count":52,"sale":4675.609990129247}
{"category":"Electronics","month":1,"year":2003,"count":61,"sale":3473.239981174469}
{"category":"Electronics","month":1,"year":2002,"count":15,"sale":1050.9100017547607}
{"category":"Electronics","month":1,"year":2001,"count":16,"sale":867.4500024411827}
{"category":"Electronics","month":1,"year":2000,"count":4,"sale":169.91000175476074}
{"category":"Digital_Music","month":12,"year":2013,"count":78,"sale":834.1999931335449}
{"category":"Digital_Music","month":12,"year":2012,"count":98,"sale":1134.4599828720093}
{"category":"Digital_Music","month":12,"year":2011,"count":62,"sale":789.9600024223328}
