{"category":"Baby","month":8,"year":2002,"count":3,"sale":42.179999351501465}
{"category":"Baby","month":8,"year":2001,"count":3,"sale":154.92000007629395}
{"category":"Baby","month":7,"year":2014,"count":2466,"sale":104921.76037312485}
{"category":"Baby","month":7,"year":2013,"count":3560,"sale":128145.2302248478}
{"category":"Baby","month":7,"year":2012,"count":1205,"sale":48103.8700235337}
{"category":"Baby","month":7,"year":2011,"count":951,"sale":31702.720008015633}
{"category":"Baby","month":7,"year":2010,"count":399,"sale":16144.990024447441}
{"category":"Baby","month":7,"year":2009,"count":120,"sale":4145.979996949434}
{"category":"Baby","month":7,"year":2008,"count":60,"sale":2416.9899933338165}
{"category":"Baby","month":7,"year":2007,"count":35,"sale":1166.8499994277954}
{"category":"Baby","month":7,"year":2006,"count":16,"sale":357.4099998474121}
