{"category":"Movies_and_TV","month":7,"year":2005,"count":2961,"sale":36254.04990550876}
{"category":"Movies_and_TV","month":7,"year":2004,"count":2559,"sale":27898.06991441734}
{"category":"Movies_and_TV","month":7,"year":2003,"count":2183,"sale":23227.57994985394}
{"category":"Movies_and_TV","month":7,"year":2002,"count":2412,"sale":24568.439924785867}
{"category":"Movies_and_TV","month":7,"year":2001,"count":1972,"sale":20756.18996658735}
{"category":"Movies_and_TV","month":7,"year":2000,"count":1862,"sale":17517.759927639738}
{"category":"Movies_and_TV","month":7,"year":1999,"count":203,"sale":2182.0599976275116}
{"category":"Movies_and_TV","month":7,"year":1998,"count":10,"sale":103.90999984741211}
{"category":"Movies_and_TV","month":6,"year":2014,"count":6244,"sale":77480.95010326244}
{"category":"Movies_and_TV","month":6,"year":2013,"count":5986,"sale":70274.30989509262}
