{"category":"Musical_Instruments","month":1,"year":2009,"count":5,"sale":216.11999702453613}
{"category":"Musical_Instruments","month":1,"year":2007,"count":1,"sale":18.3799991607666}
{"category":"Musical_Instruments","month":1,"year":2006,"count":1,"sale":36.95000076293945}
{"category":"Musical_Instruments","month":1,"year":2005,"count":1,"sale":10.960000038146973}
{"category":"Movies_and_TV","month":12,"year":2013,"count":7674,"sale":85967.67993114516}
{"category":"Movies_and_TV","month":12,"year":2012,"count":6619,"sale":75852.99994078651}
{"category":"Movies_and_TV","month":12,"year":2011,"count":1833,"sale":21576.609996998683}
{"category":"Movies_and_TV","month":12,"year":2010,"count":1455,"sale":18600.069950530306}
{"category":"Movies_and_TV","month":12,"year":2009,"count":1700,"sale":20475.070006666705}
{"category":"Movies_and_TV","month":12,"year":2008,"count":1868,"sale":22853.03998442553}
