{"category":"Musical_Instruments","month":12,"year":2006,"count":1,"sale":31.65999984741211}
{"category":"Musical_Instruments","month":11,"year":2013,"count":267,"sale":7522.599971789867}
{"category":"Musical_Instruments","month":11,"year":2012,"count":139,"sale":4030.050016004592}
{"category":"Musical_Instruments","month":11,"year":2011,"count":66,"sale":2604.509985972196}
{"category":"Musical_Instruments","month":11,"year":2010,"count":43,"sale":893.6100000888109}
{"category":"Musical_Instruments","month":11,"year":2009,"count":13,"sale":440.0999963283539}
{"category":"Musical_Instruments","month":11,"year":2008,"count":7,"sale":283.2799997329712}
{"category":"Musical_Instruments","month":11,"year":2007,"count":1,"sale":15.970000267028809}
{"category":"Musical_Instruments","month":11,"year":2004,"count":3,"sale":132.5099983215332}
{"category":"Musical_Instruments","month":10,"year":2013,"count":250,"sale":7162.369985461235}
{"category":"Musical_Instruments","month":10,"year":2012,"count":82,"sale":3301.540014177561}
