{"category":"Baby","month":12,"year":2004,"count":19,"sale":426.9499988555908}
{"category":"Baby","month":12,"year":2003,"count":16,"sale":334.7499942779541}
{"category":"Baby","month":12,"year":2002,"count":2,"sale":39.05999946594238}
{"category":"Baby","month":11,"year":2013,"count":4232,"sale":151972.68043012917}
{"category":"Baby","month":11,"year":2012,"count":2254,"sale":81798.96012770571}
{"category":"Baby","month":11,"year":2011,"count":966,"sale":37044.5200971961}
{"category":"Baby","month":11,"year":2010,"count":549,"sale":17557.590044736862}
{"category":"Baby","month":11,"year":2009,"count":186,"sale":6245.6599843502045}
{"category":"Baby","month":11,"year":2008,"count":67,"sale":2847.779990196228}
{"category":"Baby","month":11,"year":2007,"count":27,"sale":883.3200056552887}
{"category":"Baby","month":11,"year":2006,"count":19,"sale":746.7100028991699}
