{"category":"Toys_and_Games","month":5,"year":2013,"count":2462,"sale":61341.40010522492}
{"category":"Toys_and_Games","month":5,"year":2012,"count":1105,"sale":31049.11005354859}
{"category":"Toys_and_Games","month":5,"year":2011,"count":589,"sale":17430.900063652545}
{"category":"Toys_and_Games","month":5,"year":2010,"count":212,"sale":6154.150019893423}
{"category":"Toys_and_Games","month":5,"year":2009,"count":133,"sale":4615.500017404556}
{"category":"Toys_and_Games","month":5,"year":2008,"count":81,"sale":2555.800015926361}
{"category":"Toys_and_Games","month":5,"year":2007,"count":52,"sale":2146.040014743805}
{"category":"Toys_and_Games","month":5,"year":2006,"count":25,"sale":2037.4700055122375}
{"category":"Toys_and_Games","month":5,"year":2005,"count":32,"sale":1691.7100143432617}
{"category":"Toys_and_Games","month":5,"year":2004,"count":13,"sale":1070.5500283241272}
