{"category":"Video_Games","month":12,"year":2013,"count":155,"sale":12684.969973534346}
{"category":"Video_Games","month":12,"year":2012,"count":160,"sale":19464.989776292816}
{"category":"Video_Games","month":12,"year":2011,"count":39,"sale":3174.2899947166443}
{"category":"Video_Games","month":12,"year":2010,"count":24,"sale":1658.1600188314915}
{"category":"Video_Games","month":12,"year":2009,"count":11,"sale":1531.6299934387207}
{"category":"Video_Games","month":12,"year":2008,"count":5,"sale":471.29998779296875}
{"category":"Video_Games","month":12,"year":2007,"count":4,"sale":258.37999534606934}
{"category":"Video_Games","month":12,"year":2006,"count":3,"sale":238.48999786376953}
{"category":"Video_Games","month":12,"year":2005,"count":2,"sale":88.4900016784668}
{"category":"Video_Games","month":12,"year":2004,"count":4,"sale":351.3899955749512}
{"category":"Video_Games","month":12,"year":2001,"count":1,"sale":38.880001068115234}
