{"category":"CDs_and_Vinyl","month":3,"year":1998,"count":5,"sale":37.05999994277954}
{"category":"CDs_and_Vinyl","month":2,"year":2014,"count":1167,"sale":15635.609948515892}
{"category":"CDs_and_Vinyl","month":2,"year":2013,"count":1216,"sale":16286.919938325882}
{"category":"CDs_and_Vinyl","month":2,"year":2012,"count":494,"sale":7124.6199696063995}
{"category":"CDs_and_Vinyl","month":2,"year":2011,"count":430,"sale":6625.029983997345}
{"category":"CDs_and_Vinyl","month":2,"year":2010,"count":455,"sale":6722.519981384277}
{"category":"CDs_and_Vinyl","month":2,"year":2009,"count":551,"sale":7835.349948644638}
{"category":"CDs_and_Vinyl","month":2,"year":2008,"count":740,"sale":10830.589965581894}
{"category":"CDs_and_Vinyl","month":2,"year":2007,"count":1057,"sale":15142.109962940216}
{"category":"CDs_and_Vinyl","month":2,"year":2006,"count":1641,"sale":22880.829911112785}
