{"category":"Sports_and_Outdoors","month":8,"year":2005,"count":2,"sale":59.220001220703125}
{"category":"Sports_and_Outdoors","month":8,"year":2003,"count":1,"sale":20.559999465942383}
{"category":"Sports_and_Outdoors","month":7,"year":2014,"count":4349,"sale":142238.17004446872}
{"category":"Sports_and_Outdoors","month":7,"year":2013,"count":7053,"sale":225665.69997021928}
{"category":"Sports_and_Outdoors","month":7,"year":2012,"count":2327,"sale":84231.47006597929}
{"category":"Sports_and_Outdoors","month":7,"year":2011,"count":1300,"sale":51190.20003378391}
{"category":"Sports_and_Outdoors","month":7,"year":2010,"count":414,"sale":18642.11006319523}
{"category":"Sports_and_Outdoors","month":7,"year":2009,"count":161,"sale":6349.7300157547}
{"category":"Sports_and_Outdoors","month":7,"year":2008,"count":80,"sale":5110.419998407364}
{"category":"Sports_and_Outdoors","month":7,"year":2007,"count":47,"sale":2294.590009937063}
