{"category":"Movies_and_TV","month":4,"year":2014,"count":6373,"sale":73863.45986137167}
{"category":"Movies_and_TV","month":4,"year":2013,"count":6399,"sale":73946.30986218713}
{"category":"Movies_and_TV","month":4,"year":2012,"count":1648,"sale":20842.369965054095}
{"category":"Movies_and_TV","month":4,"year":2011,"count":1427,"sale":17839.519976023585}
{"category":"Movies_and_TV","month":4,"year":2010,"count":1475,"sale":20685.760116530582}
{"category":"Movies_and_TV","month":4,"year":2009,"count":1590,"sale":21785.70008917153}
{"category":"Movies_and_TV","month":4,"year":2008,"count":1828,"sale":22479.569990422577}
{"category":"Movies_and_TV","month":4,"year":2007,"count":2169,"sale":27844.5600107871}
{"category":"Movies_and_TV","month":4,"year":2006,"count":2684,"sale":32556.439939880744}
{"category":"Movies_and_TV","month":4,"year":2005,"count":2672,"sale":31433.959942942485}
