{"category":"Toys_and_Games","month":8,"year":2003,"count":7,"sale":277.36000633239746}
{"category":"Toys_and_Games","month":8,"year":2001,"count":7,"sale":111.66000270843506}
{"category":"Toys_and_Games","month":8,"year":2000,"count":2,"sale":42.809998512268066}
{"category":"Toys_and_Games","month":7,"year":2014,"count":2130,"sale":55466.86011279933}
{"category":"Toys_and_Games","month":7,"year":2013,"count":2814,"sale":76348.76031755097}
{"category":"Toys_and_Games","month":7,"year":2012,"count":1350,"sale":35355.45006906986}
{"category":"Toys_and_Games","month":7,"year":2011,"count":539,"sale":17171.01005459763}
{"category":"Toys_and_Games","month":7,"year":2010,"count":283,"sale":8323.480082063004}
{"category":"Toys_and_Games","month":7,"year":2009,"count":133,"sale":4285.859985113144}
{"category":"Toys_and_Games","month":7,"year":2008,"count":116,"sale":3006.1400231719017}
