{"category":"Beauty","month":4,"year":2013,"count":7463,"sale":94140.66983854026}
{"category":"Beauty","month":4,"year":2012,"count":1601,"sale":24772.839997939765}
{"category":"Beauty","month":4,"year":2011,"count":711,"sale":12177.849965253845}
{"category":"Beauty","month":4,"year":2010,"count":258,"sale":4745.409990796819}
{"category":"Beauty","month":4,"year":2009,"count":179,"sale":3900.569977283478}
{"category":"Beauty","month":4,"year":2008,"count":107,"sale":1912.6900137662888}
{"category":"Beauty","month":4,"year":2007,"count":29,"sale":633.8200051784515}
{"category":"Beauty","month":4,"year":2006,"count":7,"sale":221.33999967575073}
{"category":"Beauty","month":4,"year":2005,"count":5,"sale":95.92999935150146}
{"category":"Beauty","month":4,"year":2004,"count":5,"sale":148.42000007629395}
