{"category":"Toys_and_Games","month":10,"year":2007,"count":60,"sale":1882.4900166988373}
{"category":"Toys_and_Games","month":10,"year":2006,"count":26,"sale":1466.1500148773193}
{"category":"Toys_and_Games","month":10,"year":2005,"count":69,"sale":3736.680030822754}
{"category":"Toys_and_Games","month":10,"year":2004,"count":25,"sale":1602.2900314331055}
{"category":"Toys_and_Games","month":10,"year":2003,"count":7,"sale":1005.1500301361084}
{"category":"Toys_and_Games","month":10,"year":2002,"count":16,"sale":575.9800000190735}
{"category":"Toys_and_Games","month":10,"year":2001,"count":2,"sale":30.420000076293945}
{"category":"Toys_and_Games","month":10,"year":2000,"count":2,"sale":44.80999946594238}
{"category":"Toys_and_Games","month":9,"year":2013,"count":3183,"sale":89754.4301884491}
{"category":"Toys_and_Games","month":9,"year":2012,"count":1570,"sale":51136.880146443844}
{"category":"Toys_and_Games","month":9,"year":2011,"count":1424,"sale":56049.54999257065}
