{"category":"CDs_and_Vinyl","month":11,"year":2012,"count":887,"sale":12141.939936041832}
{"category":"CDs_and_Vinyl","month":11,"year":2011,"count":534,"sale":7875.329967498779}
{"category":"CDs_and_Vinyl","month":11,"year":2010,"count":432,"sale":5846.189977884293}
{"category":"CDs_and_Vinyl","month":11,"year":2009,"count":494,"sale":7061.439968347549}
{"category":"CDs_and_Vinyl","month":11,"year":2008,"count":517,"sale":7458.239967823029}
{"category":"CDs_and_Vinyl","month":11,"year":2007,"count":737,"sale":10734.979971408844}
{"category":"CDs_and_Vinyl","month":11,"year":2006,"count":1145,"sale":15500.989943027496}
{"category":"CDs_and_Vinyl","month":11,"year":2005,"count":2222,"sale":33817.82978439331}
{"category":"CDs_and_Vinyl","month":11,"year":2004,"count":1716,"sale":25495.059978485107}
{"category":"CDs_and_Vinyl","month":11,"year":2003,"count":1536,"sale":20060.829949855804}
{"category":"CDs_and_Vinyl","month":11,"year":2002,"count":1030,"sale":13711.67995107174}
