{"category":"Video_Games","month":1,"year":2011,"count":17,"sale":1288.6899976581335}
{"category":"Video_Games","month":1,"year":2010,"count":8,"sale":965.6299896240234}
{"category":"Video_Games","month":1,"year":2009,"count":13,"sale":1331.4299697875977}
{"category":"Video_Games","month":1,"year":2008,"count":1,"sale":129.9499969482422}
{"category":"Video_Games","month":1,"year":2007,"count":2,"sale":75.61999893188477}
{"category":"Video_Games","month":1,"year":2005,"count":1,"sale":36.40999984741211}
{"category":"Video_Games","month":1,"year":2003,"count":1,"sale":3.9800000190734863}
{"category":"Video_Games","month":1,"year":2001,"count":2,"sale":7.960000038146973}
{"category":"Toys_and_Games","month":12,"year":2013,"count":8827,"sale":211681.32038459554}
{"category":"Toys_and_Games","month":12,"year":2012,"count":7227,"sale":202346.73047075793}
{"category":"Toys_and_Games","month":12,"year":2011,"count":2051,"sale":69203.86007982865}
