{"category":"Toys_and_Games","month":2,"year":2002,"count":1,"sale":18.889999389648438}
{"category":"Toys_and_Games","month":2,"year":2001,"count":3,"sale":42.1899995803833}
{"category":"Toys_and_Games","month":1,"year":2014,"count":8425,"sale":206947.5305924546}
{"category":"Toys_and_Games","month":1,"year":2013,"count":7192,"sale":188861.0303722676}
{"category":"Toys_and_Games","month":1,"year":2012,"count":1622,"sale":53182.97008760646}
{"category":"Toys_and_Games","month":1,"year":2011,"count":939,"sale":29107.640098223463}
{"category":"Toys_and_Games","month":1,"year":2010,"count":492,"sale":14248.459979781881}
{"category":"Toys_and_Games","month":1,"year":2009,"count":327,"sale":12409.780000805855}
{"category":"Toys_and_Games","month":1,"year":2008,"count":112,"sale":4042.2699756622314}
{"category":"Toys_and_Games","month":1,"year":2007,"count":112,"sale":4216.960030555725}
{"category":"Toys_and_Games","month":1,"year":2006,"count":59,"sale":3823.680013656616}
