{"category":"Video_Games","month":10,"year":2013,"count":114,"sale":6268.000013828278}
{"category":"Video_Games","month":10,"year":2012,"count":31,"sale":4766.419917106628}
{"category":"Video_Games","month":10,"year":2011,"count":23,"sale":1561.7199988365173}
{"category":"Video_Games","month":10,"year":2010,"count":20,"sale":1183.7100095748901}
{"category":"Video_Games","month":10,"year":2009,"count":8,"sale":753.3899908065796}
{"category":"Video_Games","month":10,"year":2006,"count":1,"sale":129.9499969482422}
{"category":"Video_Games","month":10,"year":2005,"count":3,"sale":280.9299964904785}
{"category":"Video_Games","month":10,"year":2004,"count":1,"sale":50.9900016784668}
{"category":"Video_Games","month":10,"year":2001,"count":1,"sale":94.98999786376953}
{"category":"Video_Games","month":9,"year":2013,"count":90,"sale":5146.17001414299}
{"category":"Video_Games","month":9,"year":2012,"count":36,"sale":2338.9000153541565}
