{"category":"Toys_and_Games","month":1,"year":2005,"count":69,"sale":3679.2700185775757}
{"category":"Toys_and_Games","month":1,"year":2004,"count":16,"sale":362.8500051498413}
{"category":"Toys_and_Games","month":1,"year":2003,"count":7,"sale":324.9400086402893}
{"category":"Toys_and_Games","month":1,"year":2002,"count":8,"sale":122.74000024795532}
{"category":"Toys_and_Games","month":1,"year":2001,"count":7,"sale":220.07999801635742}
{"category":"Sports_and_Outdoors","month":12,"year":2013,"count":8228,"sale":295345.95003451407}
{"category":"Sports_and_Outdoors","month":12,"year":2012,"count":6857,"sale":219895.2201288119}
{"category":"Sports_and_Outdoors","month":12,"year":2011,"count":1720,"sale":69965.96999271587}
{"category":"Sports_and_Outdoors","month":12,"year":2010,"count":652,"sale":29537.290005216375}
{"category":"Sports_and_Outdoors","month":12,"year":2009,"count":203,"sale":8575.600002527237}
