{"category":"Health_and_Personal_Care","month":11,"year":2013,"count":10783,"sale":214176.06023722142}
{"category":"Health_and_Personal_Care","month":11,"year":2012,"count":4407,"sale":91369.23006044142}
{"category":"Health_and_Personal_Care","month":11,"year":2011,"count":1716,"sale":39992.66009351052}
{"category":"Health_and_Personal_Care","month":11,"year":2010,"count":1160,"sale":30335.019994556904}
{"category":"Health_and_Personal_Care","month":11,"year":2009,"count":487,"sale":17849.60018891096}
{"category":"Health_and_Personal_Care","month":11,"year":2008,"count":235,"sale":9192.950062990189}
{"category":"Health_and_Personal_Care","month":11,"year":2007,"count":130,"sale":8354.94997215271}
{"category":"Health_and_Personal_Care","month":11,"year":2006,"count":39,"sale":1777.030021429062}
{"category":"Health_and_Personal_Care","month":11,"year":2005,"count":24,"sale":481.7500071525574}
{"category":"Health_and_Personal_Care","month":11,"year":2004,"count":4,"sale":72.2100020647049}
{"category":"Health_and_Personal_Care","month":11,"year":2002,"count":1,"sale":5.170000076293945}
