{"category":"Movies_and_TV","month":6,"year":2012,"count":1593,"sale":19376.059991396964}
{"category":"Movies_and_TV","month":6,"year":2011,"count":1333,"sale":16909.40997305326}
{"category":"Movies_and_TV","month":6,"year":2010,"count":1360,"sale":17603.139978496358}
{"category":"Movies_and_TV","month":6,"year":2009,"count":1490,"sale":19823.18001111783}
{"category":"Movies_and_TV","month":6,"year":2008,"count":1833,"sale":23508.219977971166}
{"category":"Movies_and_TV","month":6,"year":2007,"count":2352,"sale":30814.469999328256}
{"category":"Movies_and_TV","month":6,"year":2006,"count":2864,"sale":33196.80994126946}
{"category":"Movies_and_TV","month":6,"year":2005,"count":2817,"sale":35969.86000117287}
{"category":"Movies_and_TV","month":6,"year":2004,"count":2451,"sale":27406.309971433133}
{"category":"Movies_and_TV","month":6,"year":2003,"count":1781,"sale":19240.9699731078}
{"category":"Movies_and_TV","month":6,"year":2002,"count":2052,"sale":20931.539968993515}
