{"category":"Home_and_Kitchen","month":11,"year":2001,"count":20,"sale":1700.999994277954}
{"category":"Home_and_Kitchen","month":11,"year":2000,"count":21,"sale":1508.8800067901611}
{"category":"Home_and_Kitchen","month":10,"year":2013,"count":11578,"sale":471008.4602432903}
{"category":"Home_and_Kitchen","month":10,"year":2012,"count":4756,"sale":226937.97002605163}
{"category":"Home_and_Kitchen","month":10,"year":2011,"count":3031,"sale":146934.44958266616}
{"category":"Home_and_Kitchen","month":10,"year":2010,"count":1565,"sale":81042.84999668598}
{"category":"Home_and_Kitchen","month":10,"year":2009,"count":890,"sale":41666.88990450837}
{"category":"Home_and_Kitchen","month":10,"year":2008,"count":542,"sale":25475.19995713234}
{"category":"Home_and_Kitchen","month":10,"year":2007,"count":347,"sale":17350.839936733246}
{"category":"Home_and_Kitchen","month":10,"year":2006,"count":145,"sale":9897.599922418594}
