{"category":"Digital_Music","month":6,"year":2013,"count":54,"sale":727.2600002288818}
{"category":"Digital_Music","month":6,"year":2012,"count":66,"sale":761.4399938583374}
{"category":"Digital_Music","month":6,"year":2011,"count":30,"sale":409.91999864578247}
{"category":"Digital_Music","month":6,"year":2010,"count":44,"sale":542.3199934959412}
{"category":"Digital_Music","month":6,"year":2009,"count":49,"sale":494.8199977874756}
{"category":"Digital_Music","month":6,"year":2008,"count":46,"sale":413.79999828338623}
{"category":"Digital_Music","month":6,"year":2007,"count":123,"sale":1393.6599888801575}
{"category":"Digital_Music","month":6,"year":2006,"count":121,"sale":1361.3799986839294}
{"category":"Digital_Music","month":6,"year":2005,"count":250,"sale":2779.939992427826}
{"category":"Digital_Music","month":6,"year":2004,"count":144,"sale":1791.579990386963}
{"category":"Digital_Music","month":6,"year":2003,"count":139,"sale":1571.5399832725525}
