{"category":"Electronics","month":2,"year":2013,"count":27522,"sale":1739745.8305435441}
{"category":"Electronics","month":2,"year":2012,"count":9495,"sale":569276.4699664582}
{"category":"Electronics","month":2,"year":2011,"count":4996,"sale":336024.9698047731}
{"category":"Electronics","month":2,"year":2010,"count":2700,"sale":188846.59016192332}
{"category":"Electronics","month":2,"year":2009,"count":1757,"sale":141544.29026839137}
{"category":"Electronics","month":2,"year":2008,"count":1012,"sale":94826.90002009645}
{"category":"Electronics","month":2,"year":2007,"count":566,"sale":52069.97991045751}
{"category":"Electronics","month":2,"year":2006,"count":233,"sale":23203.09992456436}
{"category":"Electronics","month":2,"year":2005,"count":87,"sale":8234.06002831459}
{"category":"Electronics","month":2,"year":2004,"count":48,"sale":4893.919991970062}
