{"category":"Toys_and_Games","month":3,"year":2010,"count":219,"sale":5705.690007686615}
{"category":"Toys_and_Games","month":3,"year":2009,"count":107,"sale":3489.3799800872803}
{"category":"Toys_and_Games","month":3,"year":2008,"count":79,"sale":2671.600007534027}
{"category":"Toys_and_Games","month":3,"year":2007,"count":45,"sale":1931.9599919319153}
{"category":"Toys_and_Games","month":3,"year":2006,"count":32,"sale":1834.360011100769}
{"category":"Toys_and_Games","month":3,"year":2005,"count":38,"sale":2235.019989013672}
{"category":"Toys_and_Games","month":3,"year":2004,"count":8,"sale":1006.9900312423706}
{"category":"Toys_and_Games","month":3,"year":2003,"count":7,"sale":332.430006980896}
{"category":"Toys_and_Games","month":3,"year":2002,"count":4,"sale":75.0}
{"category":"Toys_and_Games","month":2,"year":2014,"count":4367,"sale":102736.16009846143}
{"category":"Toys_and_Games","month":2,"year":2013,"count":3825,"sale":95944.19007434323}
