{"category":"Sports_and_Outdoors","month":12,"year":2008,"count":98,"sale":4767.890013337135}
{"category":"Sports_and_Outdoors","month":12,"year":2007,"count":41,"sale":1747.849997997284}
{"category":"Sports_and_Outdoors","month":12,"year":2006,"count":14,"sale":894.7999954223633}
{"category":"Sports_and_Outdoors","month":12,"year":2005,"count":12,"sale":1144.2800211906433}
{"category":"Sports_and_Outdoors","month":11,"year":2013,"count":7069,"sale":253928.41971756518}
{"category":"Sports_and_Outdoors","month":11,"year":2012,"count":3772,"sale":133200.8799233716}
{"category":"Sports_and_Outdoors","month":11,"year":2011,"count":1349,"sale":60001.26020695642}
{"category":"Sports_and_Outdoors","month":11,"year":2010,"count":532,"sale":23433.220001230016}
{"category":"Sports_and_Outdoors","month":11,"year":2009,"count":186,"sale":7536.439992070198}
{"category":"Sports_and_Outdoors","month":11,"year":2008,"count":93,"sale":4212.450012922287}
