{"category":"Movies_and_TV","month":11,"year":2002,"count":1673,"sale":19247.24996532686}
{"category":"Movies_and_TV","month":11,"year":2001,"count":1699,"sale":17505.13992438838}
{"category":"Movies_and_TV","month":11,"year":2000,"count":1137,"sale":10080.929969139397}
{"category":"Movies_and_TV","month":11,"year":1999,"count":392,"sale":3583.6899777743965}
{"category":"Movies_and_TV","month":11,"year":1998,"count":57,"sale":563.5499955415726}
{"category":"Movies_and_TV","month":11,"year":1997,"count":1,"sale":25.940000534057617}
{"category":"Movies_and_TV","month":10,"year":2013,"count":5471,"sale":64330.51988042332}
{"category":"Movies_and_TV","month":10,"year":2012,"count":2021,"sale":24309.00997139886}
{"category":"Movies_and_TV","month":10,"year":2011,"count":1638,"sale":20918.089948201552}
{"category":"Movies_and_TV","month":10,"year":2010,"count":1451,"sale":19008.150026218966}
{"category":"Movies_and_TV","month":10,"year":2009,"count":1575,"sale":19739.75995516032}
