{"category":"Video_Games","month":4,"year":2008,"count":2,"sale":207.97999572753906}
{"category":"Video_Games","month":4,"year":2006,"count":1,"sale":50.9900016784668}
{"category":"Video_Games","month":4,"year":2005,"count":3,"sale":255.67999649047852}
{"category":"Video_Games","month":4,"year":2004,"count":4,"sale":119.06000328063965}
{"category":"Video_Games","month":4,"year":2003,"count":1,"sale":129.99000549316406}
{"category":"Video_Games","month":4,"year":2001,"count":2,"sale":77.76000213623047}
{"category":"Video_Games","month":3,"year":2014,"count":109,"sale":6089.559983510524}
{"category":"Video_Games","month":3,"year":2013,"count":103,"sale":6174.939962634817}
{"category":"Video_Games","month":3,"year":2012,"count":27,"sale":1128.080002784729}
{"category":"Video_Games","month":3,"year":2011,"count":21,"sale":1736.400001525879}
{"category":"Video_Games","month":3,"year":2010,"count":11,"sale":1352.3699989318848}
