{"category":"Digital_Music","month":3,"year":2000,"count":254,"sale":3499.1399974823}
{"category":"Digital_Music","month":3,"year":1999,"count":14,"sale":140.57999801635742}
{"category":"Digital_Music","month":2,"year":2014,"count":80,"sale":955.1999921798706}
{"category":"Digital_Music","month":2,"year":2013,"count":92,"sale":1096.159981250763}
{"category":"Digital_Music","month":2,"year":2012,"count":28,"sale":270.05999851226807}
{"category":"Digital_Music","month":2,"year":2011,"count":52,"sale":658.8399972915649}
{"category":"Digital_Music","month":2,"year":2010,"count":18,"sale":232.27999877929688}
{"category":"Digital_Music","month":2,"year":2009,"count":60,"sale":665.8799858093262}
{"category":"Digital_Music","month":2,"year":2008,"count":93,"sale":1218.459994316101}
{"category":"Digital_Music","month":2,"year":2007,"count":120,"sale":1381.2999939918518}
