{"category":"Home_and_Kitchen","month":6,"year":2011,"count":2254,"sale":114318.12006087974}
{"category":"Home_and_Kitchen","month":6,"year":2010,"count":1063,"sale":52620.68995034695}
{"category":"Home_and_Kitchen","month":6,"year":2009,"count":707,"sale":35403.769949913025}
{"category":"Home_and_Kitchen","month":6,"year":2008,"count":502,"sale":27540.379982471466}
{"category":"Home_and_Kitchen","month":6,"year":2007,"count":328,"sale":15121.34995675087}
{"category":"Home_and_Kitchen","month":6,"year":2006,"count":124,"sale":7028.949970245361}
{"category":"Home_and_Kitchen","month":6,"year":2005,"count":46,"sale":2135.7699851989746}
{"category":"Home_and_Kitchen","month":6,"year":2004,"count":33,"sale":2272.5000190734863}
{"category":"Home_and_Kitchen","month":6,"year":2003,"count":33,"sale":2282.1599702835083}
{"category":"Home_and_Kitchen","month":6,"year":2002,"count":13,"sale":379.18999433517456}
{"category":"Home_and_Kitchen","month":6,"year":2001,"count":17,"sale":880.4400029182434}
