{"category":"Musical_Instruments","month":6,"year":2010,"count":16,"sale":1101.0800046920776}
{"category":"Musical_Instruments","month":6,"year":2009,"count":10,"sale":606.020007610321}
{"category":"Musical_Instruments","month":6,"year":2008,"count":2,"sale":21.90999984741211}
{"category":"Musical_Instruments","month":6,"year":2006,"count":1,"sale":24.950000762939453}
{"category":"Musical_Instruments","month":5,"year":2014,"count":259,"sale":5418.040002629161}
{"category":"Musical_Instruments","month":5,"year":2013,"count":238,"sale":6483.73999504745}
{"category":"Musical_Instruments","month":5,"year":2012,"count":101,"sale":2978.2500017881393}
{"category":"Musical_Instruments","month":5,"year":2011,"count":57,"sale":1853.2699982225895}
{"category":"Musical_Instruments","month":5,"year":2010,"count":13,"sale":638.7499985694885}
{"category":"Musical_Instruments","month":5,"year":2009,"count":6,"sale":135.30999970436096}
{"category":"Musical_Instruments","month":5,"year":2008,"count":4,"sale":248.2400016784668}
