{"category":"Sports_and_Outdoors","month":3,"year":2006,"count":4,"sale":151.42999839782715}
{"category":"Sports_and_Outdoors","month":3,"year":2005,"count":1,"sale":102.06999969482422}
{"category":"Sports_and_Outdoors","month":3,"year":2004,"count":3,"sale":448.1699924468994}
{"category":"Sports_and_Outdoors","month":2,"year":2014,"count":7223,"sale":248103.71004007943}
{"category":"Sports_and_Outdoors","month":2,"year":2013,"count":6526,"sale":217491.94013674743}
{"category":"Sports_and_Outdoors","month":2,"year":2012,"count":1821,"sale":72729.0500802584}
{"category":"Sports_and_Outdoors","month":2,"year":2011,"count":699,"sale":27447.92999828793}
{"category":"Sports_and_Outdoors","month":2,"year":2010,"count":259,"sale":11086.230020890012}
{"category":"Sports_and_Outdoors","month":2,"year":2009,"count":96,"sale":3748.350010871887}
{"category":"Sports_and_Outdoors","month":2,"year":2008,"count":47,"sale":4245.5399758815765}
