{"category":"Musical_Instruments","month":10,"year":2011,"count":71,"sale":2207.060003861785}
{"category":"Musical_Instruments","month":10,"year":2010,"count":25,"sale":1092.6999897956848}
{"category":"Musical_Instruments","month":10,"year":2009,"count":14,"sale":309.31999845802784}
{"category":"Musical_Instruments","month":10,"year":2008,"count":4,"sale":456.61000537872314}
{"category":"Musical_Instruments","month":10,"year":2007,"count":2,"sale":103.29999732971191}
{"category":"Musical_Instruments","month":9,"year":2013,"count":224,"sale":6217.560003641993}
{"category":"Musical_Instruments","month":9,"year":2012,"count":105,"sale":2907.3399889469147}
{"category":"Musical_Instruments","month":9,"year":2011,"count":81,"sale":2969.9099903292954}
{"category":"Musical_Instruments","month":9,"year":2010,"count":25,"sale":797.290011882782}
{"category":"Musical_Instruments","month":9,"year":2009,"count":12,"sale":726.1500158309937}
