{"category":"Baby","month":4,"year":2003,"count":7,"sale":161.7599983215332}
{"category":"Baby","month":4,"year":2002,"count":5,"sale":138.17000007629395}
{"category":"Baby","month":3,"year":2014,"count":4202,"sale":132339.45027023554}
{"category":"Baby","month":3,"year":2013,"count":3397,"sale":118703.6504020188}
{"category":"Baby","month":3,"year":2012,"count":1234,"sale":48481.30005497672}
{"category":"Baby","month":3,"year":2011,"count":991,"sale":29519.56999528408}
{"category":"Baby","month":3,"year":2010,"count":275,"sale":9824.090015292168}
{"category":"Baby","month":3,"year":2009,"count":92,"sale":3468.6400175094604}
{"category":"Baby","month":3,"year":2008,"count":40,"sale":1432.6699976921082}
{"category":"Baby","month":3,"year":2007,"count":16,"sale":729.2299976348877}
