{"category":"Electronics","month":12,"year":2002,"count":49,"sale":3694.300033569336}
{"category":"Electronics","month":12,"year":2001,"count":19,"sale":1134.590009689331}
{"category":"Electronics","month":12,"year":2000,"count":20,"sale":1050.0699877925217}
{"category":"Electronics","month":12,"year":1999,"count":3,"sale":309.98999977111816}
{"category":"Electronics","month":11,"year":2013,"count":28966,"sale":2214496.608787354}
{"category":"Electronics","month":11,"year":2012,"count":16917,"sale":1093164.7200820688}
{"category":"Electronics","month":11,"year":2011,"count":8450,"sale":529049.039473163}
{"category":"Electronics","month":11,"year":2010,"count":4332,"sale":327194.86993635073}
{"category":"Electronics","month":11,"year":2009,"count":2128,"sale":183870.32004601322}
{"category":"Electronics","month":11,"year":2008,"count":1316,"sale":125330.43004760519}
{"category":"Electronics","month":11,"year":2007,"count":769,"sale":71671.09019857273}
