{"category":"Beauty","month":9,"year":2009,"count":139,"sale":2636.560006737709}
{"category":"Beauty","month":9,"year":2008,"count":93,"sale":2020.4799907300621}
{"category":"Beauty","month":9,"year":2007,"count":21,"sale":609.3700037002563}
{"category":"Beauty","month":9,"year":2006,"count":18,"sale":517.5700001716614}
{"category":"Beauty","month":9,"year":2005,"count":14,"sale":339.07000160217285}
{"category":"Beauty","month":9,"year":2004,"count":4,"sale":29.980000019073486}
{"category":"Beauty","month":8,"year":2013,"count":5796,"sale":70324.31990317255}
{"category":"Beauty","month":8,"year":2012,"count":2616,"sale":38971.01016532071}
{"category":"Beauty","month":8,"year":2011,"count":1005,"sale":15214.769970366731}
{"category":"Beauty","month":8,"year":2010,"count":368,"sale":6776.93997964263}
