{"category":"Toys_and_Games","month":12,"year":2000,"count":2,"sale":53.790000915527344}
{"category":"Toys_and_Games","month":11,"year":2013,"count":4799,"sale":127539.14998954162}
{"category":"Toys_and_Games","month":11,"year":2012,"count":2754,"sale":74219.71021838859}
{"category":"Toys_and_Games","month":11,"year":2011,"count":1075,"sale":41175.79007042386}
{"category":"Toys_and_Games","month":11,"year":2010,"count":546,"sale":16424.470027754083}
{"category":"Toys_and_Games","month":11,"year":2009,"count":233,"sale":7875.160040378571}
{"category":"Toys_and_Games","month":11,"year":2008,"count":199,"sale":6971.39000582695}
{"category":"Toys_and_Games","month":11,"year":2007,"count":67,"sale":3403.049976825714}
{"category":"Toys_and_Games","month":11,"year":2006,"count":52,"sale":1953.780016899109}
{"category":"Toys_and_Games","month":11,"year":2005,"count":75,"sale":3529.29998922348}
{"category":"Toys_and_Games","month":11,"year":2004,"count":32,"sale":1477.199987411499}
