{"category":"Baby","month":4,"year":2014,"count":3846,"sale":131133.52025298215}
{"category":"Baby","month":4,"year":2013,"count":3538,"sale":134203.7604980804}
{"category":"Baby","month":4,"year":2012,"count":1219,"sale":45370.16008502245}
{"category":"Baby","month":4,"year":2011,"count":799,"sale":29165.570003390312}
{"category":"Baby","month":4,"year":2010,"count":209,"sale":7065.189997434616}
{"category":"Baby","month":4,"year":2009,"count":116,"sale":4833.119955301285}
{"category":"Baby","month":4,"year":2008,"count":63,"sale":1921.8999981880188}
{"category":"Baby","month":4,"year":2007,"count":17,"sale":798.5400030612946}
{"category":"Baby","month":4,"year":2006,"count":52,"sale":1493.550015449524}
{"category":"Baby","month":4,"year":2005,"count":47,"sale":1359.75000333786}
{"category":"Baby","month":4,"year":2004,"count":8,"sale":218.78999996185303}
