{"category":"Digital_Music","month":9,"year":2006,"count":189,"sale":2246.3599829673767}
{"category":"Digital_Music","month":9,"year":2005,"count":280,"sale":3073.6399726867676}
{"category":"Digital_Music","month":9,"year":2004,"count":180,"sale":2170.8199887275696}
{"category":"Digital_Music","month":9,"year":2003,"count":165,"sale":1890.29998254776}
{"category":"Digital_Music","month":9,"year":2002,"count":110,"sale":1234.18000125885}
{"category":"Digital_Music","month":9,"year":2001,"count":125,"sale":1519.4399976730347}
{"category":"Digital_Music","month":9,"year":2000,"count":135,"sale":1603.6199927330017}
{"category":"Digital_Music","month":9,"year":1999,"count":4,"sale":47.34000015258789}
{"category":"Digital_Music","month":8,"year":2013,"count":60,"sale":698.2399916648865}
{"category":"Digital_Music","month":8,"year":2012,"count":55,"sale":670.3799948692322}
{"category":"Digital_Music","month":8,"year":2011,"count":32,"sale":381.0799980163574}
