{"category":"Health_and_Personal_Care","month":1,"year":2013,"count":8743,"sale":173643.97000991553}
{"category":"Health_and_Personal_Care","month":1,"year":2012,"count":2146,"sale":51959.84006004967}
{"category":"Health_and_Personal_Care","month":1,"year":2011,"count":1005,"sale":24943.430027086288}
{"category":"Health_and_Personal_Care","month":1,"year":2010,"count":488,"sale":13284.330065039918}
{"category":"Health_and_Personal_Care","month":1,"year":2009,"count":272,"sale":7508.450030446053}
{"category":"Health_and_Personal_Care","month":1,"year":2008,"count":169,"sale":4742.01999604702}
{"category":"Health_and_Personal_Care","month":1,"year":2007,"count":96,"sale":2656.3400127887726}
{"category":"Health_and_Personal_Care","month":1,"year":2006,"count":16,"sale":300.0800025463104}
{"category":"Health_and_Personal_Care","month":1,"year":2005,"count":4,"sale":70.23000288009644}
{"category":"Health_and_Personal_Care","month":1,"year":2004,"count":2,"sale":56.02000045776367}
{"category":"Electronics","month":12,"year":2013,"count":37869,"sale":2943073.829450192}
