{"category":"Digital_Music","month":5,"year":1998,"count":14,"sale":128.61999893188477}
{"category":"Digital_Music","month":4,"year":2014,"count":76,"sale":883.1199889183044}
{"category":"Digital_Music","month":4,"year":2013,"count":90,"sale":1001.0199918746948}
{"category":"Digital_Music","month":4,"year":2012,"count":72,"sale":754.179995059967}
{"category":"Digital_Music","month":4,"year":2011,"count":58,"sale":704.439995765686}
{"category":"Digital_Music","month":4,"year":2010,"count":42,"sale":518.799994468689}
{"category":"Digital_Music","month":4,"year":2009,"count":56,"sale":641.4399948120117}
{"category":"Digital_Music","month":4,"year":2008,"count":96,"sale":1211.3399815559387}
{"category":"Digital_Music","month":4,"year":2007,"count":74,"sale":833.7199931144714}
{"category":"Digital_Music","month":4,"year":2006,"count":222,"sale":2605.3399953842163}
