{"category":"Baby","month":10,"year":2008,"count":54,"sale":2914.7599968910217}
{"category":"Baby","month":10,"year":2007,"count":41,"sale":1204.3699969053268}
{"category":"Baby","month":10,"year":2006,"count":12,"sale":329.42000102996826}
{"category":"Baby","month":10,"year":2005,"count":37,"sale":1142.74001121521}
{"category":"Baby","month":10,"year":2004,"count":29,"sale":896.7199940681458}
{"category":"Baby","month":10,"year":2003,"count":15,"sale":459.8299970626831}
{"category":"Baby","month":10,"year":2002,"count":5,"sale":163.43000030517578}
{"category":"Baby","month":10,"year":2001,"count":1,"sale":20.969999313354492}
{"category":"Baby","month":9,"year":2013,"count":3280,"sale":120672.36031930894}
{"category":"Baby","month":9,"year":2012,"count":1248,"sale":49800.3601346612}
{"category":"Baby","month":9,"year":2011,"count":989,"sale":36008.759954044595}
