{"category":"Movies_and_TV","month":10,"year":1998,"count":12,"sale":102.7099997997284}
{"category":"Movies_and_TV","month":9,"year":2013,"count":5403,"sale":61364.679873103276}
{"category":"Movies_and_TV","month":9,"year":2012,"count":2186,"sale":26149.52995687723}
{"category":"Movies_and_TV","month":9,"year":2011,"count":1616,"sale":20878.92998247966}
{"category":"Movies_and_TV","month":9,"year":2010,"count":1508,"sale":20269.05996894464}
{"category":"Movies_and_TV","month":9,"year":2009,"count":1610,"sale":20467.18994906731}
{"category":"Movies_and_TV","month":9,"year":2008,"count":1851,"sale":23903.469971539453}
{"category":"Movies_and_TV","month":9,"year":2007,"count":2083,"sale":25965.429974727333}
{"category":"Movies_and_TV","month":9,"year":2006,"count":2126,"sale":26087.829978115857}
{"category":"Movies_and_TV","month":9,"year":2005,"count":2986,"sale":39222.46998293139}
{"category":"Movies_and_TV","month":9,"year":2004,"count":2255,"sale":26383.649937793612}
