{"category":"Digital_Music","month":5,"year":2009,"count":42,"sale":423.93999767303467}
{"category":"Digital_Music","month":5,"year":2008,"count":76,"sale":857.1599960327148}
{"category":"Digital_Music","month":5,"year":2007,"count":113,"sale":1249.1799874305725}
{"category":"Digital_Music","month":5,"year":2006,"count":200,"sale":2449.7199816703796}
{"category":"Digital_Music","month":5,"year":2005,"count":236,"sale":2656.319978237152}
{"category":"Digital_Music","month":5,"year":2004,"count":201,"sale":2264.559991836548}
{"category":"Digital_Music","month":5,"year":2003,"count":139,"sale":1584.159987449646}
{"category":"Digital_Music","month":5,"year":2002,"count":120,"sale":1332.2999911308289}
{"category":"Digital_Music","month":5,"year":2001,"count":113,"sale":1288.8999934196472}
{"category":"Digital_Music","month":5,"year":2000,"count":200,"sale":2314.699986934662}
{"category":"Digital_Music","month":5,"year":1999,"count":6,"sale":120.54000091552734}
