{"category":"Home_and_Kitchen","month":4,"year":2009,"count":675,"sale":30183.709938436747}
{"category":"Home_and_Kitchen","month":4,"year":2008,"count":478,"sale":22356.19985702634}
{"category":"Home_and_Kitchen","month":4,"year":2007,"count":244,"sale":11939.249967455864}
{"category":"Home_and_Kitchen","month":4,"year":2006,"count":97,"sale":7663.139937400818}
{"category":"Home_and_Kitchen","month":4,"year":2005,"count":63,"sale":4139.1099762916565}
{"category":"Home_and_Kitchen","month":4,"year":2004,"count":29,"sale":1542.4599919319153}
{"category":"Home_and_Kitchen","month":4,"year":2003,"count":45,"sale":3446.3299865722656}
{"category":"Home_and_Kitchen","month":4,"year":2002,"count":14,"sale":1031.379991531372}
{"category":"Home_and_Kitchen","month":4,"year":2001,"count":17,"sale":1545.870005607605}
{"category":"Home_and_Kitchen","month":3,"year":2014,"count":15364,"sale":589723.3802225105}
