{"category":"CDs_and_Vinyl","month":3,"year":2009,"count":552,"sale":7767.039976119995}
{"category":"CDs_and_Vinyl","month":3,"year":2008,"count":703,"sale":10049.179969489574}
{"category":"CDs_and_Vinyl","month":3,"year":2007,"count":1239,"sale":16944.42994081974}
{"category":"CDs_and_Vinyl","month":3,"year":2006,"count":1704,"sale":22790.149929523468}
{"category":"CDs_and_Vinyl","month":3,"year":2005,"count":2339,"sale":30612.119780898094}
{"category":"CDs_and_Vinyl","month":3,"year":2004,"count":1496,"sale":19420.98994064331}
{"category":"CDs_and_Vinyl","month":3,"year":2003,"count":1106,"sale":14379.709946632385}
{"category":"CDs_and_Vinyl","month":3,"year":2002,"count":1069,"sale":14721.139954328537}
{"category":"CDs_and_Vinyl","month":3,"year":2001,"count":996,"sale":12569.079926371574}
{"category":"CDs_and_Vinyl","month":3,"year":2000,"count":1337,"sale":18235.629960656166}
{"category":"CDs_and_Vinyl","month":3,"year":1999,"count":134,"sale":1781.4499945044518}
