{"category":"Electronics","month":6,"year":2005,"count":86,"sale":7850.579984664917}
{"category":"Electronics","month":6,"year":2004,"count":45,"sale":2712.03001332283}
{"category":"Electronics","month":6,"year":2003,"count":51,"sale":4387.029991388321}
{"category":"Electronics","month":6,"year":2002,"count":22,"sale":1439.3099937438965}
{"category":"Electronics","month":6,"year":2001,"count":18,"sale":565.0700025558472}
{"category":"Electronics","month":6,"year":2000,"count":12,"sale":214.54999877884984}
{"category":"Electronics","month":5,"year":2014,"count":26322,"sale":2045985.6177525483}
{"category":"Electronics","month":5,"year":2013,"count":25910,"sale":1728931.3198570292}
{"category":"Electronics","month":5,"year":2012,"count":9216,"sale":622062.329915747}
{"category":"Electronics","month":5,"year":2011,"count":5767,"sale":392282.2400988862}
