{"category":"Home_and_Kitchen","month":8,"year":2012,"count":4128,"sale":196470.44013873674}
{"category":"Home_and_Kitchen","month":8,"year":2011,"count":2572,"sale":129090.41988284141}
{"category":"Home_and_Kitchen","month":8,"year":2010,"count":1335,"sale":61889.49993044138}
{"category":"Home_and_Kitchen","month":8,"year":2009,"count":737,"sale":35434.889826625586}
{"category":"Home_and_Kitchen","month":8,"year":2008,"count":548,"sale":25963.099938998}
{"category":"Home_and_Kitchen","month":8,"year":2007,"count":375,"sale":17602.729883909225}
{"category":"Home_and_Kitchen","month":8,"year":2006,"count":180,"sale":9834.08998131752}
{"category":"Home_and_Kitchen","month":8,"year":2005,"count":109,"sale":5660.669970273972}
{"category":"Home_and_Kitchen","month":8,"year":2004,"count":51,"sale":3582.649998188019}
{"category":"Home_and_Kitchen","month":8,"year":2003,"count":55,"sale":2016.4900059700012}
