{"category":"Movies_and_TV","month":8,"year":1999,"count":243,"sale":2287.639989681542}
{"category":"Movies_and_TV","month":8,"year":1998,"count":14,"sale":213.5199990272522}
{"category":"Movies_and_TV","month":7,"year":2014,"count":3174,"sale":38167.55999921635}
{"category":"Movies_and_TV","month":7,"year":2013,"count":6138,"sale":72699.44981833361}
{"category":"Movies_and_TV","month":7,"year":2012,"count":1812,"sale":21731.58993320167}
{"category":"Movies_and_TV","month":7,"year":2011,"count":1532,"sale":20432.349994989112}
{"category":"Movies_and_TV","month":7,"year":2010,"count":1504,"sale":18973.859974008054}
{"category":"Movies_and_TV","month":7,"year":2009,"count":1396,"sale":19193.149978058413}
{"category":"Movies_and_TV","month":7,"year":2008,"count":1732,"sale":21911.370008029044}
{"category":"Movies_and_TV","month":7,"year":2007,"count":2447,"sale":30267.279988365248}
{"category":"Movies_and_TV","month":7,"year":2006,"count":2761,"sale":34728.679962927476}
