{"category":"CDs_and_Vinyl","month":10,"year":2007,"count":746,"sale":10954.999958992004}
{"category":"CDs_and_Vinyl","month":10,"year":2006,"count":1089,"sale":14084.489935398102}
{"category":"CDs_and_Vinyl","month":10,"year":2005,"count":2222,"sale":29224.5398709774}
{"category":"CDs_and_Vinyl","month":10,"year":2004,"count":1558,"sale":19783.189969539642}
{"category":"CDs_and_Vinyl","month":10,"year":2003,"count":1596,"sale":20654.13992166519}
{"category":"CDs_and_Vinyl","month":10,"year":2002,"count":1064,"sale":13823.149975061417}
{"category":"CDs_and_Vinyl","month":10,"year":2001,"count":988,"sale":13580.249987602234}
{"category":"CDs_and_Vinyl","month":10,"year":2000,"count":1041,"sale":13695.9399600029}
{"category":"CDs_and_Vinyl","month":10,"year":1999,"count":278,"sale":3528.2899923324585}
{"category":"CDs_and_Vinyl","month":10,"year":1998,"count":112,"sale":1367.5499892234802}
{"category":"CDs_and_Vinyl","month":9,"year":2013,"count":941,"sale":12599.97995120287}
