{"category":"Beauty","month":6,"year":2010,"count":417,"sale":8795.720001459122}
{"category":"Beauty","month":6,"year":2009,"count":190,"sale":4025.4799884557724}
{"category":"Beauty","month":6,"year":2008,"count":78,"sale":1738.9900017082691}
{"category":"Beauty","month":6,"year":2007,"count":41,"sale":834.2900087833405}
{"category":"Beauty","month":6,"year":2006,"count":15,"sale":534.6500015258789}
{"category":"Beauty","month":6,"year":2005,"count":19,"sale":389.5600025653839}
{"category":"Beauty","month":6,"year":2004,"count":3,"sale":25.019999504089355}
{"category":"Beauty","month":6,"year":2002,"count":1,"sale":10.460000038146973}
{"category":"Beauty","month":5,"year":2014,"count":5861,"sale":77552.03986828029}
{"category":"Beauty","month":5,"year":2013,"count":5926,"sale":77417.14993143082}
{"category":"Beauty","month":5,"year":2012,"count":1707,"sale":26068.590040422976}
