{"category":"Home_and_Kitchen","month":3,"year":2002,"count":15,"sale":530.1999988555908}
{"category":"Home_and_Kitchen","month":3,"year":2001,"count":23,"sale":773.8600046634674}
{"category":"Home_and_Kitchen","month":2,"year":2014,"count":15030,"sale":575132.7897316124}
{"category":"Home_and_Kitchen","month":2,"year":2013,"count":11800,"sale":467561.6799869556}
{"category":"Home_and_Kitchen","month":2,"year":2012,"count":3611,"sale":179808.24985165894}
{"category":"Home_and_Kitchen","month":2,"year":2011,"count":2096,"sale":101454.32995814085}
{"category":"Home_and_Kitchen","month":2,"year":2010,"count":1203,"sale":56447.419914186}
{"category":"Home_and_Kitchen","month":2,"year":2009,"count":766,"sale":34938.65991452336}
{"category":"Home_and_Kitchen","month":2,"year":2008,"count":513,"sale":30592.629802942276}
{"category":"Home_and_Kitchen","month":2,"year":2007,"count":351,"sale":17446.09993174672}
