{"category":"Movies_and_TV","month":6,"year":2001,"count":1793,"sale":18291.40990653634}
{"category":"Movies_and_TV","month":6,"year":2000,"count":2063,"sale":19024.329916344956}
{"category":"Movies_and_TV","month":6,"year":1999,"count":260,"sale":2243.5699890647084}
{"category":"Movies_and_TV","month":6,"year":1998,"count":8,"sale":95.08999872207642}
{"category":"Movies_and_TV","month":5,"year":2014,"count":5851,"sale":67908.61991772056}
{"category":"Movies_and_TV","month":5,"year":2013,"count":6375,"sale":75327.27979760244}
{"category":"Movies_and_TV","month":5,"year":2012,"count":1968,"sale":23121.959984701127}
{"category":"Movies_and_TV","month":5,"year":2011,"count":1357,"sale":17288.510008631274}
{"category":"Movies_and_TV","month":5,"year":2010,"count":1457,"sale":18628.36002107337}
{"category":"Movies_and_TV","month":5,"year":2009,"count":1662,"sale":21899.02006294392}
