{"category":"Video_Games","month":7,"year":2010,"count":12,"sale":862.8499893695116}
{"category":"Video_Games","month":7,"year":2009,"count":5,"sale":702.9399948120117}
{"category":"Video_Games","month":7,"year":2007,"count":2,"sale":245.82999420166016}
{"category":"Video_Games","month":7,"year":2006,"count":1,"sale":52.08000183105469}
{"category":"Video_Games","month":7,"year":2004,"count":1,"sale":50.9900016784668}
{"category":"Video_Games","month":7,"year":2001,"count":2,"sale":42.86000108718872}
{"category":"Video_Games","month":6,"year":2014,"count":110,"sale":7276.169937372208}
{"category":"Video_Games","month":6,"year":2013,"count":94,"sale":5493.359971046448}
{"category":"Video_Games","month":6,"year":2012,"count":30,"sale":1755.9300150871277}
{"category":"Video_Games","month":6,"year":2011,"count":21,"sale":1481.699996471405}
