{"category":"CDs_and_Vinyl","month":1,"year":2011,"count":520,"sale":7721.709972143173}
{"category":"CDs_and_Vinyl","month":1,"year":2010,"count":464,"sale":6807.429985284805}
{"category":"CDs_and_Vinyl","month":1,"year":2009,"count":641,"sale":9902.459948301315}
{"category":"CDs_and_Vinyl","month":1,"year":2008,"count":794,"sale":11395.499935090542}
{"category":"CDs_and_Vinyl","month":1,"year":2007,"count":1526,"sale":21409.31995087862}
{"category":"CDs_and_Vinyl","month":1,"year":2006,"count":1964,"sale":29144.339895009995}
{"category":"CDs_and_Vinyl","month":1,"year":2005,"count":1816,"sale":24989.009971380234}
{"category":"CDs_and_Vinyl","month":1,"year":2004,"count":1482,"sale":18963.58992409706}
{"category":"CDs_and_Vinyl","month":1,"year":2003,"count":1183,"sale":16447.239931583405}
{"category":"CDs_and_Vinyl","month":1,"year":2002,"count":1090,"sale":14994.429966211319}
