{"category":"Baby","month":8,"year":2012,"count":1370,"sale":55673.81005594507}
{"category":"Baby","month":8,"year":2011,"count":1116,"sale":38795.96998515725}
{"category":"Baby","month":8,"year":2010,"count":426,"sale":16413.35003603436}
{"category":"Baby","month":8,"year":2009,"count":139,"sale":5956.900018692017}
{"category":"Baby","month":8,"year":2008,"count":58,"sale":1534.2700035572052}
{"category":"Baby","month":8,"year":2007,"count":43,"sale":1480.8300037384033}
{"category":"Baby","month":8,"year":2006,"count":14,"sale":515.9100046157837}
{"category":"Baby","month":8,"year":2005,"count":54,"sale":1474.0800123214722}
{"category":"Baby","month":8,"year":2004,"count":34,"sale":982.0700044631958}
{"category":"Baby","month":8,"year":2003,"count":8,"sale":186.5199999809265}
