{"category":"Toys_and_Games","month":9,"year":2010,"count":367,"sale":12063.170085847378}
{"category":"Toys_and_Games","month":9,"year":2009,"count":163,"sale":5365.600034952164}
{"category":"Toys_and_Games","month":9,"year":2008,"count":147,"sale":5294.360008239746}
{"category":"Toys_and_Games","month":9,"year":2007,"count":35,"sale":1111.069993674755}
{"category":"Toys_and_Games","month":9,"year":2006,"count":22,"sale":910.6999936103821}
{"category":"Toys_and_Games","month":9,"year":2005,"count":41,"sale":2307.709997177124}
{"category":"Toys_and_Games","month":9,"year":2004,"count":15,"sale":826.0500079989433}
{"category":"Toys_and_Games","month":9,"year":2003,"count":13,"sale":700.3700065612793}
{"category":"Toys_and_Games","month":9,"year":2002,"count":5,"sale":73.11999988555908}
{"category":"Toys_and_Games","month":9,"year":2001,"count":2,"sale":53.60000038146973}
