{"category":"Electronics","month":7,"year":2011,"count":6449,"sale":425302.3096280787}
{"category":"Electronics","month":7,"year":2010,"count":3293,"sale":210668.81008186564}
{"category":"Electronics","month":7,"year":2009,"count":1489,"sale":111222.65016039647}
{"category":"Electronics","month":7,"year":2008,"count":1088,"sale":96011.13019833714}
{"category":"Electronics","month":7,"year":2007,"count":673,"sale":57885.70017413236}
{"category":"Electronics","month":7,"year":2006,"count":297,"sale":26423.38007105328}
{"category":"Electronics","month":7,"year":2005,"count":135,"sale":17126.50998699665}
{"category":"Electronics","month":7,"year":2004,"count":53,"sale":3826.080017566681}
{"category":"Electronics","month":7,"year":2003,"count":38,"sale":3798.0600103139877}
{"category":"Electronics","month":7,"year":2002,"count":34,"sale":1449.2599837779999}
