{"category":"Sports_and_Outdoors","month":5,"year":2007,"count":31,"sale":2017.2799978256226}
{"category":"Sports_and_Outdoors","month":5,"year":2006,"count":11,"sale":1011.5699949264526}
{"category":"Sports_and_Outdoors","month":5,"year":2005,"count":2,"sale":97.77999877929688}
{"category":"Sports_and_Outdoors","month":4,"year":2014,"count":6566,"sale":231776.0803928934}
{"category":"Sports_and_Outdoors","month":4,"year":2013,"count":7137,"sale":240894.63007590547}
{"category":"Sports_and_Outdoors","month":4,"year":2012,"count":1964,"sale":70160.38000756502}
{"category":"Sports_and_Outdoors","month":4,"year":2011,"count":839,"sale":34557.16998767853}
{"category":"Sports_and_Outdoors","month":4,"year":2010,"count":321,"sale":14913.1699794624}
{"category":"Sports_and_Outdoors","month":4,"year":2009,"count":100,"sale":5159.58997130394}
{"category":"Sports_and_Outdoors","month":4,"year":2008,"count":63,"sale":2999.049995660782}
{"category":"Sports_and_Outdoors","month":4,"year":2007,"count":21,"sale":1762.7900104522705}
