{"category":"Movies_and_TV","month":12,"year":2007,"count":2053,"sale":25142.399982234463}
{"category":"Movies_and_TV","month":12,"year":2006,"count":2127,"sale":28358.650007987395}
{"category":"Movies_and_TV","month":12,"year":2005,"count":2907,"sale":36827.079948036}
{"category":"Movies_and_TV","month":12,"year":2004,"count":2663,"sale":31207.749982746318}
{"category":"Movies_and_TV","month":12,"year":2003,"count":2198,"sale":21534.519911065698}
{"category":"Movies_and_TV","month":12,"year":2002,"count":1859,"sale":21888.20997873321}
{"category":"Movies_and_TV","month":12,"year":2001,"count":1813,"sale":18067.259926743805}
{"category":"Movies_and_TV","month":12,"year":2000,"count":1492,"sale":12789.169927194715}
{"category":"Movies_and_TV","month":12,"year":1999,"count":993,"sale":9211.779976258054}
{"category":"Movies_and_TV","month":12,"year":1998,"count":127,"sale":1220.3799986410886}
{"category":"Movies_and_TV","month":11,"year":2013,"count":5694,"sale":66963.99992060661}
