{"category":"Movies_and_TV","month":8,"year":2009,"count":1311,"sale":17764.070010559633}
{"category":"Movies_and_TV","month":8,"year":2008,"count":1817,"sale":23008.429984867573}
{"category":"Movies_and_TV","month":8,"year":2007,"count":2419,"sale":30911.530073182657}
{"category":"Movies_and_TV","month":8,"year":2006,"count":2696,"sale":33186.97997629829}
{"category":"Movies_and_TV","month":8,"year":2005,"count":3212,"sale":43482.07999960706}
{"category":"Movies_and_TV","month":8,"year":2004,"count":2698,"sale":29060.23990843445}
{"category":"Movies_and_TV","month":8,"year":2003,"count":1685,"sale":19133.729938931763}
{"category":"Movies_and_TV","month":8,"year":2002,"count":2135,"sale":23356.019923359156}
{"category":"Movies_and_TV","month":8,"year":2001,"count":1831,"sale":18957.879988173023}
{"category":"Movies_and_TV","month":8,"year":2000,"count":1677,"sale":15824.02995766513}
