{"category":"Baby","month":11,"year":2005,"count":50,"sale":1568.7200174331665}
{"category":"Baby","month":11,"year":2004,"count":38,"sale":1091.5399990081787}
{"category":"Baby","month":11,"year":2003,"count":14,"sale":371.9699983596802}
{"category":"Baby","month":11,"year":2002,"count":2,"sale":35.929999351501465}
{"category":"Baby","month":11,"year":2001,"count":5,"sale":133.74999856948853}
{"category":"Baby","month":10,"year":2013,"count":3731,"sale":132481.23013615608}
{"category":"Baby","month":10,"year":2012,"count":1543,"sale":65149.42017763853}
{"category":"Baby","month":10,"year":2011,"count":932,"sale":33528.450107872486}
{"category":"Baby","month":10,"year":2010,"count":416,"sale":15090.48999607563}
{"category":"Baby","month":10,"year":2009,"count":159,"sale":5351.939992427826}
