{"category":"Electronics","month":10,"year":2010,"count":3970,"sale":302356.1300942488}
{"category":"Electronics","month":10,"year":2009,"count":2059,"sale":163668.56007744744}
{"category":"Electronics","month":10,"year":2008,"count":1167,"sale":110600.72024457343}
{"category":"Electronics","month":10,"year":2007,"count":708,"sale":66732.43002391048}
{"category":"Electronics","month":10,"year":2006,"count":193,"sale":23359.629970816895}
{"category":"Electronics","month":10,"year":2005,"count":172,"sale":16000.170023441315}
{"category":"Electronics","month":10,"year":2004,"count":96,"sale":13006.98005771637}
{"category":"Electronics","month":10,"year":2003,"count":46,"sale":3467.6299662590027}
{"category":"Electronics","month":10,"year":2002,"count":39,"sale":2151.7900021076202}
{"category":"Electronics","month":10,"year":2001,"count":19,"sale":822.1699986457825}
