{"category":"Toys_and_Games","month":5,"year":2003,"count":4,"sale":288.4899959564209}
{"category":"Toys_and_Games","month":5,"year":2002,"count":4,"sale":59.77999925613403}
{"category":"Toys_and_Games","month":5,"year":2001,"count":5,"sale":162.00999641418457}
{"category":"Toys_and_Games","month":4,"year":2014,"count":3084,"sale":70871.10018653236}
{"category":"Toys_and_Games","month":4,"year":2013,"count":2780,"sale":70860.76000459865}
{"category":"Toys_and_Games","month":4,"year":2012,"count":930,"sale":27182.890033075586}
{"category":"Toys_and_Games","month":4,"year":2011,"count":533,"sale":14856.730059275404}
{"category":"Toys_and_Games","month":4,"year":2010,"count":192,"sale":6191.110024154186}
{"category":"Toys_and_Games","month":4,"year":2009,"count":115,"sale":4210.289997339249}
{"category":"Toys_and_Games","month":4,"year":2008,"count":62,"sale":2478.029990673065}
{"category":"Toys_and_Games","month":4,"year":2007,"count":36,"sale":1812.450014591217}
