{"category":"Baby","month":7,"year":2005,"count":41,"sale":1072.329999446869}
{"category":"Baby","month":7,"year":2004,"count":16,"sale":354.32000398635864}
{"category":"Baby","month":7,"year":2003,"count":15,"sale":437.30999660491943}
{"category":"Baby","month":7,"year":2002,"count":7,"sale":173.45999908447266}
{"category":"Baby","month":7,"year":2001,"count":3,"sale":114.57999897003174}
{"category":"Baby","month":6,"year":2014,"count":3774,"sale":144361.76045853645}
{"category":"Baby","month":6,"year":2013,"count":3480,"sale":129525.68031793833}
{"category":"Baby","month":6,"year":2012,"count":1167,"sale":46110.66001522541}
{"category":"Baby","month":6,"year":2011,"count":848,"sale":27873.870066532865}
{"category":"Baby","month":6,"year":2010,"count":334,"sale":11487.25001001358}
