{"category":"Sports_and_Outdoors","month":4,"year":2006,"count":12,"sale":839.8500099182129}
{"category":"Sports_and_Outdoors","month":4,"year":2005,"count":1,"sale":89.98999786376953}
{"category":"Sports_and_Outdoors","month":3,"year":2014,"count":7589,"sale":265525.5399859883}
{"category":"Sports_and_Outdoors","month":3,"year":2013,"count":7484,"sale":245285.17032232694}
{"category":"Sports_and_Outdoors","month":3,"year":2012,"count":1925,"sale":75157.3500109911}
{"category":"Sports_and_Outdoors","month":3,"year":2011,"count":828,"sale":34022.410021672025}
{"category":"Sports_and_Outdoors","month":3,"year":2010,"count":304,"sale":13891.409975776449}
{"category":"Sports_and_Outdoors","month":3,"year":2009,"count":121,"sale":7366.88999080658}
{"category":"Sports_and_Outdoors","month":3,"year":2008,"count":48,"sale":2022.1699965000153}
{"category":"Sports_and_Outdoors","month":3,"year":2007,"count":33,"sale":1876.020005941391}
