{"category":"Baby","month":9,"year":2010,"count":447,"sale":14971.670035004616}
{"category":"Baby","month":9,"year":2009,"count":158,"sale":6113.069959163666}
{"category":"Baby","month":9,"year":2008,"count":58,"sale":1907.1300067901611}
{"category":"Baby","month":9,"year":2007,"count":36,"sale":1081.6900084018707}
{"category":"Baby","month":9,"year":2006,"count":15,"sale":694.4200019836426}
{"category":"Baby","month":9,"year":2005,"count":49,"sale":1343.0500011444092}
{"category":"Baby","month":9,"year":2004,"count":27,"sale":618.9299960136414}
{"category":"Baby","month":9,"year":2003,"count":3,"sale":48.3999981880188}
{"category":"Baby","month":9,"year":2002,"count":4,"sale":125.05999755859375}
{"category":"Baby","month":8,"year":2013,"count":3790,"sale":137894.57022315636}
