{"category":"Digital_Music","month":4,"year":2005,"count":261,"sale":2937.199966430664}
{"category":"Digital_Music","month":4,"year":2004,"count":183,"sale":2230.4799885749817}
{"category":"Digital_Music","month":4,"year":2003,"count":168,"sale":2024.6799926757812}
{"category":"Digital_Music","month":4,"year":2002,"count":133,"sale":1648.7799878120422}
{"category":"Digital_Music","month":4,"year":2001,"count":96,"sale":1166.5399923324585}
{"category":"Digital_Music","month":4,"year":2000,"count":249,"sale":2930.5399899482727}
{"category":"Digital_Music","month":4,"year":1999,"count":8,"sale":88.95999908447266}
{"category":"Digital_Music","month":3,"year":2014,"count":50,"sale":600.0399932861328}
{"category":"Digital_Music","month":3,"year":2013,"count":80,"sale":1006.0199913978577}
{"category":"Digital_Music","month":3,"year":2012,"count":48,"sale":467.719997882843}
