{"category":"CDs_and_Vinyl","month":4,"year":2002,"count":949,"sale":12687.739948093891}
{"category":"CDs_and_Vinyl","month":4,"year":2001,"count":946,"sale":12067.409937143326}
{"category":"CDs_and_Vinyl","month":4,"year":2000,"count":1433,"sale":19006.91993778944}
{"category":"CDs_and_Vinyl","month":4,"year":1999,"count":139,"sale":1876.1599986553192}
{"category":"CDs_and_Vinyl","month":4,"year":1998,"count":13,"sale":166.85999870300293}
{"category":"CDs_and_Vinyl","month":3,"year":2014,"count":1183,"sale":15703.219948291779}
{"category":"CDs_and_Vinyl","month":3,"year":2013,"count":1285,"sale":17316.039929389954}
{"category":"CDs_and_Vinyl","month":3,"year":2012,"count":563,"sale":7521.86997795105}
{"category":"CDs_and_Vinyl","month":3,"year":2011,"count":431,"sale":5635.519963264465}
{"category":"CDs_and_Vinyl","month":3,"year":2010,"count":477,"sale":6950.0399742126465}
