{"category":"Toys_and_Games","month":12,"year":2010,"count":1181,"sale":40884.790032694116}
{"category":"Toys_and_Games","month":12,"year":2009,"count":589,"sale":19321.660066852346}
{"category":"Toys_and_Games","month":12,"year":2008,"count":343,"sale":13126.910009393468}
{"category":"Toys_and_Games","month":12,"year":2007,"count":143,"sale":6613.3499455451965}
{"category":"Toys_and_Games","month":12,"year":2006,"count":76,"sale":3888.1900378465652}
{"category":"Toys_and_Games","month":12,"year":2005,"count":99,"sale":5843.4200258255005}
{"category":"Toys_and_Games","month":12,"year":2004,"count":60,"sale":3304.0300116539}
{"category":"Toys_and_Games","month":12,"year":2003,"count":16,"sale":698.7900047302246}
{"category":"Toys_and_Games","month":12,"year":2002,"count":8,"sale":430.5200090408325}
{"category":"Toys_and_Games","month":12,"year":2001,"count":9,"sale":217.56999731063843}
