{"category":"Sports_and_Outdoors","month":6,"year":2006,"count":9,"sale":884.8300075531006}
{"category":"Sports_and_Outdoors","month":6,"year":2005,"count":4,"sale":472.4099998474121}
{"category":"Sports_and_Outdoors","month":6,"year":2003,"count":2,"sale":120.15999984741211}
{"category":"Sports_and_Outdoors","month":5,"year":2014,"count":6061,"sale":207716.37015851773}
{"category":"Sports_and_Outdoors","month":5,"year":2013,"count":7296,"sale":245288.67027915455}
{"category":"Sports_and_Outdoors","month":5,"year":2012,"count":1976,"sale":70890.79012127593}
{"category":"Sports_and_Outdoors","month":5,"year":2011,"count":1024,"sale":44001.13008964993}
{"category":"Sports_and_Outdoors","month":5,"year":2010,"count":354,"sale":16030.150007087737}
{"category":"Sports_and_Outdoors","month":5,"year":2009,"count":148,"sale":7455.72003698349}
{"category":"Sports_and_Outdoors","month":5,"year":2008,"count":57,"sale":2225.0300154685974}
