{"category":"Home_and_Kitchen","month":8,"year":2002,"count":23,"sale":1222.790002822876}
{"category":"Home_and_Kitchen","month":8,"year":2001,"count":20,"sale":1490.5200004577637}
{"category":"Home_and_Kitchen","month":8,"year":2000,"count":6,"sale":237.65000343322754}
{"category":"Home_and_Kitchen","month":7,"year":2014,"count":8087,"sale":331678.7206187323}
{"category":"Home_and_Kitchen","month":7,"year":2013,"count":11125,"sale":473243.8404023908}
{"category":"Home_and_Kitchen","month":7,"year":2012,"count":3968,"sale":200603.5400670655}
{"category":"Home_and_Kitchen","month":7,"year":2011,"count":2434,"sale":119764.41993129253}
{"category":"Home_and_Kitchen","month":7,"year":2010,"count":1264,"sale":63894.5399426315}
{"category":"Home_and_Kitchen","month":7,"year":2009,"count":638,"sale":27463.81004279852}
{"category":"Home_and_Kitchen","month":7,"year":2008,"count":598,"sale":28104.430032253265}
{"category":"Home_and_Kitchen","month":7,"year":2007,"count":331,"sale":19993.51988044381}
