{"category":"Home_and_Kitchen","month":9,"year":2008,"count":529,"sale":24781.109902888536}
{"category":"Home_and_Kitchen","month":9,"year":2007,"count":337,"sale":16984.809930324554}
{"category":"Home_and_Kitchen","month":9,"year":2006,"count":96,"sale":4309.399966716766}
{"category":"Home_and_Kitchen","month":9,"year":2005,"count":107,"sale":7650.700003623962}
{"category":"Home_and_Kitchen","month":9,"year":2004,"count":44,"sale":2366.3200163841248}
{"category":"Home_and_Kitchen","month":9,"year":2003,"count":21,"sale":1332.220004081726}
{"category":"Home_and_Kitchen","month":9,"year":2002,"count":32,"sale":1125.0599970817566}
{"category":"Home_and_Kitchen","month":9,"year":2001,"count":19,"sale":737.5199966430664}
{"category":"Home_and_Kitchen","month":9,"year":2000,"count":10,"sale":366.22000312805176}
{"category":"Home_and_Kitchen","month":8,"year":2013,"count":11573,"sale":496130.7499159109}
