{"category":"CDs_and_Vinyl","month":2,"year":2005,"count":1707,"sale":22878.809921741486}
{"category":"CDs_and_Vinyl","month":2,"year":2004,"count":1456,"sale":19415.72993373871}
{"category":"CDs_and_Vinyl","month":2,"year":2003,"count":1010,"sale":13828.159959673882}
{"category":"CDs_and_Vinyl","month":2,"year":2002,"count":898,"sale":11983.299963057041}
{"category":"CDs_and_Vinyl","month":2,"year":2001,"count":905,"sale":11849.659937620163}
{"category":"CDs_and_Vinyl","month":2,"year":2000,"count":1025,"sale":13675.699967861176}
{"category":"CDs_and_Vinyl","month":2,"year":1999,"count":141,"sale":1943.7899842262268}
{"category":"CDs_and_Vinyl","month":2,"year":1998,"count":1,"sale":18.989999771118164}
{"category":"CDs_and_Vinyl","month":1,"year":2014,"count":1290,"sale":17560.369920015335}
{"category":"CDs_and_Vinyl","month":1,"year":2013,"count":1457,"sale":19681.819946169853}
{"category":"CDs_and_Vinyl","month":1,"year":2012,"count":627,"sale":9036.819960355759}
