{"category":"CDs_and_Vinyl","month":6,"year":2000,"count":1354,"sale":18017.089957356453}
{"category":"CDs_and_Vinyl","month":6,"year":1999,"count":163,"sale":2173.300001502037}
{"category":"CDs_and_Vinyl","month":6,"year":1998,"count":111,"sale":1210.6299967765808}
{"category":"CDs_and_Vinyl","month":5,"year":2014,"count":1042,"sale":14908.639948010445}
{"category":"CDs_and_Vinyl","month":5,"year":2013,"count":1175,"sale":16601.229937434196}
{"category":"CDs_and_Vinyl","month":5,"year":2012,"count":519,"sale":7329.609980344772}
{"category":"CDs_and_Vinyl","month":5,"year":2011,"count":430,"sale":6158.749962806702}
{"category":"CDs_and_Vinyl","month":5,"year":2010,"count":466,"sale":7068.929954528809}
{"category":"CDs_and_Vinyl","month":5,"year":2009,"count":518,"sale":7175.199982881546}
{"category":"CDs_and_Vinyl","month":5,"year":2008,"count":678,"sale":9547.779965162277}
{"category":"CDs_and_Vinyl","month":5,"year":2007,"count":1108,"sale":15397.659917116165}
