{"category":"Digital_Music","month":1,"year":2011,"count":54,"sale":754.8999962806702}
{"category":"Digital_Music","month":1,"year":2010,"count":36,"sale":464.2199983596802}
{"category":"Digital_Music","month":1,"year":2009,"count":63,"sale":889.5399942398071}
{"category":"Digital_Music","month":1,"year":2008,"count":78,"sale":973.6399869918823}
{"category":"Digital_Music","month":1,"year":2007,"count":148,"sale":1720.4199857711792}
{"category":"Digital_Music","month":1,"year":2006,"count":271,"sale":3296.639986515045}
{"category":"Digital_Music","month":1,"year":2005,"count":226,"sale":2636.32000207901}
{"category":"Digital_Music","month":1,"year":2004,"count":186,"sale":2275.3399801254272}
{"category":"Digital_Music","month":1,"year":2003,"count":175,"sale":2194.399995803833}
{"category":"Digital_Music","month":1,"year":2002,"count":143,"sale":1760.1399931907654}
