{"category":"Movies_and_TV","month":5,"year":2008,"count":2009,"sale":25583.229993844405}
{"category":"Movies_and_TV","month":5,"year":2007,"count":2533,"sale":33339.15001149848}
{"category":"Movies_and_TV","month":5,"year":2006,"count":2595,"sale":31603.069975741208}
{"category":"Movies_and_TV","month":5,"year":2005,"count":2939,"sale":45192.47029071301}
{"category":"Movies_and_TV","month":5,"year":2004,"count":2282,"sale":24621.719901088625}
{"category":"Movies_and_TV","month":5,"year":2003,"count":1734,"sale":19548.55995870568}
{"category":"Movies_and_TV","month":5,"year":2002,"count":1698,"sale":19321.559977477416}
{"category":"Movies_and_TV","month":5,"year":2001,"count":1599,"sale":15628.969940260053}
{"category":"Movies_and_TV","month":5,"year":2000,"count":2135,"sale":19112.13988909684}
{"category":"Movies_and_TV","month":5,"year":1999,"count":182,"sale":1694.2299912367016}
{"category":"Movies_and_TV","month":5,"year":1998,"count":2,"sale":49.3799991607666}
