{"category":"Sports_and_Outdoors","month":9,"year":2006,"count":7,"sale":593.8899946212769}
{"category":"Sports_and_Outdoors","month":9,"year":2005,"count":11,"sale":931.5999960899353}
{"category":"Sports_and_Outdoors","month":9,"year":2002,"count":2,"sale":49.48000144958496}
{"category":"Sports_and_Outdoors","month":8,"year":2013,"count":7170,"sale":239826.66015283018}
{"category":"Sports_and_Outdoors","month":8,"year":2012,"count":2299,"sale":88149.31004908495}
{"category":"Sports_and_Outdoors","month":8,"year":2011,"count":1357,"sale":51195.20998502709}
{"category":"Sports_and_Outdoors","month":8,"year":2010,"count":542,"sale":23545.170012831688}
{"category":"Sports_and_Outdoors","month":8,"year":2009,"count":140,"sale":6284.339998006821}
{"category":"Sports_and_Outdoors","month":8,"year":2008,"count":92,"sale":4707.790001869202}
{"category":"Sports_and_Outdoors","month":8,"year":2007,"count":47,"sale":2891.690012216568}
{"category":"Sports_and_Outdoors","month":8,"year":2006,"count":9,"sale":542.6700086593628}
