{"category":"Baby","month":2,"year":2008,"count":47,"sale":1322.3200004193932}
{"category":"Baby","month":2,"year":2007,"count":21,"sale":629.4199962615967}
{"category":"Baby","month":2,"year":2006,"count":55,"sale":1496.2100057601929}
{"category":"Baby","month":2,"year":2005,"count":37,"sale":925.0800008773804}
{"category":"Baby","month":2,"year":2004,"count":9,"sale":207.23999977111816}
{"category":"Baby","month":2,"year":2003,"count":6,"sale":156.11999797821045}
{"category":"Baby","month":2,"year":2002,"count":1,"sale":20.969999313354492}
{"category":"Baby","month":1,"year":2014,"count":4761,"sale":167075.66030761413}
{"category":"Baby","month":1,"year":2013,"count":3825,"sale":139920.39035431296}
{"category":"Baby","month":1,"year":2012,"count":1441,"sale":53165.80012536049}
