{"category":"Health_and_Personal_Care","month":10,"year":2013,"count":9154,"sale":184537.31999685988}
{"category":"Health_and_Personal_Care","month":10,"year":2012,"count":3184,"sale":64273.70004443079}
{"category":"Health_and_Personal_Care","month":10,"year":2011,"count":1751,"sale":40685.74022038467}
{"category":"Health_and_Personal_Care","month":10,"year":2010,"count":934,"sale":26095.289938926697}
{"category":"Health_and_Personal_Care","month":10,"year":2009,"count":488,"sale":16579.48013973236}
{"category":"Health_and_Personal_Care","month":10,"year":2008,"count":202,"sale":6169.019990324974}
{"category":"Health_and_Personal_Care","month":10,"year":2007,"count":100,"sale":4391.2900186777115}
{"category":"Health_and_Personal_Care","month":10,"year":2006,"count":23,"sale":1094.850009918213}
{"category":"Health_and_Personal_Care","month":10,"year":2005,"count":21,"sale":338.62999725341797}
{"category":"Health_and_Personal_Care","month":10,"year":2004,"count":5,"sale":100.77999925613403}
