{"category":"Movies_and_TV","month":11,"year":2012,"count":3627,"sale":43133.83002126776}
{"category":"Movies_and_TV","month":11,"year":2011,"count":1474,"sale":18965.64997367002}
{"category":"Movies_and_TV","month":11,"year":2010,"count":1360,"sale":18419.450014865026}
{"category":"Movies_and_TV","month":11,"year":2009,"count":1457,"sale":18665.11998626776}
{"category":"Movies_and_TV","month":11,"year":2008,"count":1671,"sale":21718.249947551638}
{"category":"Movies_and_TV","month":11,"year":2007,"count":1836,"sale":22554.089974278584}
{"category":"Movies_and_TV","month":11,"year":2006,"count":2334,"sale":30122.60000257194}
{"category":"Movies_and_TV","month":11,"year":2005,"count":2627,"sale":35422.1901422292}
{"category":"Movies_and_TV","month":11,"year":2004,"count":2364,"sale":28359.889934370294}
{"category":"Movies_and_TV","month":11,"year":2003,"count":2083,"sale":22095.73994940892}
