{"category":"Digital_Music","month":8,"year":2000,"count":160,"sale":2050.6999912261963}
{"category":"Digital_Music","month":8,"year":1999,"count":20,"sale":156.5799994468689}
{"category":"Digital_Music","month":8,"year":1998,"count":6,"sale":55.459999561309814}
{"category":"Digital_Music","month":7,"year":2014,"count":30,"sale":308.70000648498535}
{"category":"Digital_Music","month":7,"year":2013,"count":92,"sale":1012.0799961090088}
{"category":"Digital_Music","month":7,"year":2012,"count":50,"sale":564.3799924850464}
{"category":"Digital_Music","month":7,"year":2011,"count":36,"sale":468.7599925994873}
{"category":"Digital_Music","month":7,"year":2010,"count":73,"sale":853.0999927520752}
{"category":"Digital_Music","month":7,"year":2009,"count":56,"sale":670.0199952125549}
{"category":"Digital_Music","month":7,"year":2008,"count":68,"sale":1033.4199924468994}
{"category":"Digital_Music","month":7,"year":2007,"count":110,"sale":1310.6399936676025}
