{"category":"Movies_and_TV","month":1,"year":2003,"count":2299,"sale":25222.919944932684}
{"category":"Movies_and_TV","month":1,"year":2002,"count":2052,"sale":20082.38989665918}
{"category":"Movies_and_TV","month":1,"year":2001,"count":1477,"sale":13132.32994533144}
{"category":"Movies_and_TV","month":1,"year":2000,"count":1239,"sale":10760.659961016849}
{"category":"Movies_and_TV","month":1,"year":1999,"count":121,"sale":1353.8399963974953}
{"category":"Movies_and_TV","month":1,"year":1998,"count":1,"sale":28.8799991607666}
{"category":"Home_and_Kitchen","month":12,"year":2013,"count":18961,"sale":775456.8397224974}
{"category":"Home_and_Kitchen","month":12,"year":2012,"count":13535,"sale":564193.2500613295}
{"category":"Home_and_Kitchen","month":12,"year":2011,"count":4312,"sale":204828.54980970174}
{"category":"Home_and_Kitchen","month":12,"year":2010,"count":2131,"sale":110838.55975056626}
{"category":"Home_and_Kitchen","month":12,"year":2009,"count":1237,"sale":64396.39989910275}
