{"category":"Digital_Music","month":10,"year":2000,"count":138,"sale":1545.9999947547913}
{"category":"Digital_Music","month":10,"year":1999,"count":30,"sale":321.0800018310547}
{"category":"Digital_Music","month":10,"year":1998,"count":4,"sale":43.53999900817871}
{"category":"Digital_Music","month":9,"year":2013,"count":72,"sale":884.9399881362915}
{"category":"Digital_Music","month":9,"year":2012,"count":42,"sale":552.5399932861328}
{"category":"Digital_Music","month":9,"year":2011,"count":23,"sale":228.8799958229065}
{"category":"Digital_Music","month":9,"year":2010,"count":37,"sale":527.8599939346313}
{"category":"Digital_Music","month":9,"year":2009,"count":81,"sale":972.2199854850769}
{"category":"Digital_Music","month":9,"year":2008,"count":62,"sale":805.939995765686}
{"category":"Digital_Music","month":9,"year":2007,"count":78,"sale":968.2999968528748}
