{"category":"Toys_and_Games","month":7,"year":2007,"count":32,"sale":1630.700010061264}
{"category":"Toys_and_Games","month":7,"year":2006,"count":20,"sale":1260.8299980163574}
{"category":"Toys_and_Games","month":7,"year":2005,"count":55,"sale":2443.7900144457817}
{"category":"Toys_and_Games","month":7,"year":2004,"count":8,"sale":703.4100141525269}
{"category":"Toys_and_Games","month":7,"year":2003,"count":5,"sale":117.4399995803833}
{"category":"Toys_and_Games","month":7,"year":2002,"count":7,"sale":1032.5400323867798}
{"category":"Toys_and_Games","month":6,"year":2014,"count":2992,"sale":72915.46022335626}
{"category":"Toys_and_Games","month":6,"year":2013,"count":2268,"sale":56410.40016954765}
{"category":"Toys_and_Games","month":6,"year":2012,"count":1086,"sale":27257.49004479125}
{"category":"Toys_and_Games","month":6,"year":2011,"count":545,"sale":16590.50005669333}
