{"category":"Electronics","month":11,"year":2006,"count":395,"sale":43637.719905423}
{"category":"Electronics","month":11,"year":2005,"count":130,"sale":16612.24999690056}
{"category":"Electronics","month":11,"year":2004,"count":77,"sale":10178.809988498688}
{"category":"Electronics","month":11,"year":2003,"count":56,"sale":3457.319996356964}
{"category":"Electronics","month":11,"year":2002,"count":40,"sale":3233.1999706123024}
{"category":"Electronics","month":11,"year":2001,"count":14,"sale":1341.850002059713}
{"category":"Electronics","month":11,"year":2000,"count":10,"sale":577.4300022125244}
{"category":"Electronics","month":10,"year":2013,"count":25638,"sale":1847636.5194034483}
{"category":"Electronics","month":10,"year":2012,"count":11206,"sale":742171.2799083535}
{"category":"Electronics","month":10,"year":2011,"count":7774,"sale":485727.91963559575}
