{"category":"Digital_Music","month":7,"year":2006,"count":150,"sale":1875.0599946975708}
{"category":"Digital_Music","month":7,"year":2005,"count":298,"sale":3243.779974460602}
{"category":"Digital_Music","month":7,"year":2004,"count":210,"sale":2683.240002155304}
{"category":"Digital_Music","month":7,"year":2003,"count":140,"sale":1588.2999935150146}
{"category":"Digital_Music","month":7,"year":2002,"count":231,"sale":2587.9399828910828}
{"category":"Digital_Music","month":7,"year":2001,"count":194,"sale":2433.639980316162}
{"category":"Digital_Music","month":7,"year":2000,"count":173,"sale":1934.899992465973}
{"category":"Digital_Music","month":7,"year":1999,"count":12,"sale":132.70000076293945}
{"category":"Digital_Music","month":7,"year":1998,"count":24,"sale":327.88000297546387}
{"category":"Digital_Music","month":6,"year":2014,"count":74,"sale":1030.9799962043762}
