{"category":"CDs_and_Vinyl","month":7,"year":2003,"count":1294,"sale":17421.12990808487}
{"category":"CDs_and_Vinyl","month":7,"year":2002,"count":1233,"sale":15891.959953784943}
{"category":"CDs_and_Vinyl","month":7,"year":2001,"count":1253,"sale":16958.45997095108}
{"category":"CDs_and_Vinyl","month":7,"year":2000,"count":1372,"sale":18492.009920597076}
{"category":"CDs_and_Vinyl","month":7,"year":1999,"count":190,"sale":2909.4600093364716}
{"category":"CDs_and_Vinyl","month":7,"year":1998,"count":173,"sale":2382.689992427826}
{"category":"CDs_and_Vinyl","month":6,"year":2014,"count":1108,"sale":14327.649938464165}
{"category":"CDs_and_Vinyl","month":6,"year":2013,"count":1039,"sale":14358.339954972267}
{"category":"CDs_and_Vinyl","month":6,"year":2012,"count":493,"sale":7159.219968795776}
{"category":"CDs_and_Vinyl","month":6,"year":2011,"count":399,"sale":5995.559972524643}
