{"category":"Electronics","month":10,"year":2000,"count":19,"sale":2141.17999124527}
{"category":"Electronics","month":9,"year":2013,"count":22884,"sale":1626062.550200861}
{"category":"Electronics","month":9,"year":2012,"count":10164,"sale":673227.5106801204}
{"category":"Electronics","month":9,"year":2011,"count":7811,"sale":492442.4299703203}
{"category":"Electronics","month":9,"year":2010,"count":3863,"sale":267899.54020237736}
{"category":"Electronics","month":9,"year":2009,"count":2181,"sale":163560.02042997815}
{"category":"Electronics","month":9,"year":2008,"count":1041,"sale":91007.16002720222}
{"category":"Electronics","month":9,"year":2007,"count":680,"sale":62571.200067557395}
{"category":"Electronics","month":9,"year":2006,"count":174,"sale":21327.630026349798}
{"category":"Electronics","month":9,"year":2005,"count":178,"sale":19160.399998128414}
{"category":"Electronics","month":9,"year":2004,"count":69,"sale":6724.510010719299}
