{"category":"Musical_Instruments","month":3,"year":2012,"count":103,"sale":3234.489985704422}
{"category":"Musical_Instruments","month":3,"year":2011,"count":48,"sale":1434.9999973773956}
{"category":"Musical_Instruments","month":3,"year":2010,"count":21,"sale":817.8199946433306}
{"category":"Musical_Instruments","month":3,"year":2009,"count":1,"sale":19.399999618530273}
{"category":"Musical_Instruments","month":3,"year":2008,"count":4,"sale":311.19000482559204}
{"category":"Musical_Instruments","month":3,"year":2007,"count":2,"sale":45.730000495910645}
{"category":"Musical_Instruments","month":3,"year":2006,"count":1,"sale":2.940000057220459}
{"category":"Musical_Instruments","month":2,"year":2014,"count":320,"sale":8197.680004347116}
{"category":"Musical_Instruments","month":2,"year":2013,"count":301,"sale":6844.010003000498}
{"category":"Musical_Instruments","month":2,"year":2012,"count":114,"sale":3970.2899918556213}
