{"category":"Digital_Music","month":2,"year":2006,"count":203,"sale":2426.239996910095}
{"category":"Digital_Music","month":2,"year":2005,"count":245,"sale":2899.5799741744995}
{"category":"Digital_Music","month":2,"year":2004,"count":149,"sale":1749.2399821281433}
{"category":"Digital_Music","month":2,"year":2003,"count":123,"sale":1401.8399877548218}
{"category":"Digital_Music","month":2,"year":2002,"count":127,"sale":1600.7799949645996}
{"category":"Digital_Music","month":2,"year":2001,"count":138,"sale":1641.2199878692627}
{"category":"Digital_Music","month":2,"year":2000,"count":138,"sale":1445.259997844696}
{"category":"Digital_Music","month":2,"year":1999,"count":8,"sale":137.47999954223633}
{"category":"Digital_Music","month":1,"year":2014,"count":94,"sale":952.0799851417542}
{"category":"Digital_Music","month":1,"year":2013,"count":68,"sale":899.2599992752075}
{"category":"Digital_Music","month":1,"year":2012,"count":54,"sale":608.3199949264526}
