{"category":"Beauty","month":10,"year":2009,"count":122,"sale":1970.3200027942657}
{"category":"Beauty","month":10,"year":2008,"count":80,"sale":1538.3400015830994}
{"category":"Beauty","month":10,"year":2007,"count":30,"sale":696.9400026798248}
{"category":"Beauty","month":10,"year":2006,"count":22,"sale":588.9900069236755}
{"category":"Beauty","month":10,"year":2005,"count":23,"sale":459.9000096321106}
{"category":"Beauty","month":10,"year":2004,"count":5,"sale":103.34000015258789}
{"category":"Beauty","month":10,"year":2003,"count":1,"sale":37.369998931884766}
{"category":"Beauty","month":9,"year":2013,"count":4771,"sale":58529.76996586472}
{"category":"Beauty","month":9,"year":2012,"count":1985,"sale":30986.030013911426}
{"category":"Beauty","month":9,"year":2011,"count":956,"sale":15830.580019176006}
{"category":"Beauty","month":9,"year":2010,"count":326,"sale":6101.489955920726}
