{"category":"Home_and_Kitchen","month":12,"year":2008,"count":842,"sale":46509.04969802499}
{"category":"Home_and_Kitchen","month":12,"year":2007,"count":645,"sale":35099.53979706764}
{"category":"Home_and_Kitchen","month":12,"year":2006,"count":247,"sale":15019.279925823212}
{"category":"Home_and_Kitchen","month":12,"year":2005,"count":136,"sale":7908.619978904724}
{"category":"Home_and_Kitchen","month":12,"year":2004,"count":68,"sale":4957.720002174377}
{"category":"Home_and_Kitchen","month":12,"year":2003,"count":48,"sale":3073.989984512329}
{"category":"Home_and_Kitchen","month":12,"year":2002,"count":55,"sale":2430.2399954795837}
{"category":"Home_and_Kitchen","month":12,"year":2001,"count":15,"sale":685.079996585846}
{"category":"Home_and_Kitchen","month":12,"year":2000,"count":23,"sale":718.7099962234497}
{"category":"Home_and_Kitchen","month":11,"year":2013,"count":14179,"sale":589491.5301030632}
