{"category":"Health_and_Personal_Care","month":12,"year":2012,"count":7801,"sale":159911.5499853529}
{"category":"Health_and_Personal_Care","month":12,"year":2011,"count":1871,"sale":43789.82004166208}
{"category":"Health_and_Personal_Care","month":12,"year":2010,"count":925,"sale":23551.48004937172}
{"category":"Health_and_Personal_Care","month":12,"year":2009,"count":489,"sale":13907.310084581375}
{"category":"Health_and_Personal_Care","month":12,"year":2008,"count":262,"sale":11289.34015917778}
{"category":"Health_and_Personal_Care","month":12,"year":2007,"count":145,"sale":6425.990027189255}
{"category":"Health_and_Personal_Care","month":12,"year":2006,"count":34,"sale":1197.3900146484375}
{"category":"Health_and_Personal_Care","month":12,"year":2005,"count":18,"sale":329.2100019454956}
{"category":"Health_and_Personal_Care","month":12,"year":2004,"count":2,"sale":49.38999938964844}
{"category":"Health_and_Personal_Care","month":12,"year":2003,"count":6,"sale":720.4600005149841}
