{"category":"Toys_and_Games","month":9,"year":2000,"count":1,"sale":15.489999771118164}
{"category":"Toys_and_Games","month":8,"year":2013,"count":3474,"sale":95650.69035654142}
{"category":"Toys_and_Games","month":8,"year":2012,"count":1504,"sale":42466.23004078865}
{"category":"Toys_and_Games","month":8,"year":2011,"count":887,"sale":31314.260020921007}
{"category":"Toys_and_Games","month":8,"year":2010,"count":419,"sale":14839.400158941746}
{"category":"Toys_and_Games","month":8,"year":2009,"count":151,"sale":5220.020000934601}
{"category":"Toys_and_Games","month":8,"year":2008,"count":74,"sale":2656.279995203018}
{"category":"Toys_and_Games","month":8,"year":2007,"count":37,"sale":1401.5999994277954}
{"category":"Toys_and_Games","month":8,"year":2006,"count":23,"sale":1276.8299961090088}
{"category":"Toys_and_Games","month":8,"year":2005,"count":59,"sale":3487.030025959015}
{"category":"Toys_and_Games","month":8,"year":2004,"count":9,"sale":554.4800052642822}
