{"category":"Movies_and_TV","month":9,"year":2003,"count":1749,"sale":19457.98992496915}
{"category":"Movies_and_TV","month":9,"year":2002,"count":1739,"sale":20062.17998525314}
{"category":"Movies_and_TV","month":9,"year":2001,"count":1572,"sale":16009.06994615309}
{"category":"Movies_and_TV","month":9,"year":2000,"count":1339,"sale":12427.389965180308}
{"category":"Movies_and_TV","month":9,"year":1999,"count":200,"sale":1899.4599918015301}
{"category":"Movies_and_TV","month":9,"year":1998,"count":6,"sale":45.87000089883804}
{"category":"Movies_and_TV","month":8,"year":2013,"count":6364,"sale":76858.58977750875}
{"category":"Movies_and_TV","month":8,"year":2012,"count":1713,"sale":21533.23997006938}
{"category":"Movies_and_TV","month":8,"year":2011,"count":1490,"sale":19445.629992725328}
{"category":"Movies_and_TV","month":8,"year":2010,"count":1378,"sale":17906.709970291704}
