{"category":"Electronics","month":5,"year":2010,"count":2835,"sale":190809.83998203278}
{"category":"Electronics","month":5,"year":2009,"count":1723,"sale":132169.10016233288}
{"category":"Electronics","month":5,"year":2008,"count":1168,"sale":116427.22027993388}
{"category":"Electronics","month":5,"year":2007,"count":788,"sale":76508.12004485726}
{"category":"Electronics","month":5,"year":2006,"count":147,"sale":16143.049986600876}
{"category":"Electronics","month":5,"year":2005,"count":84,"sale":9085.730045318604}
{"category":"Electronics","month":5,"year":2004,"count":52,"sale":2753.42001581192}
{"category":"Electronics","month":5,"year":2003,"count":42,"sale":2944.450002193451}
{"category":"Electronics","month":5,"year":2002,"count":15,"sale":622.4800035953522}
{"category":"Electronics","month":5,"year":2001,"count":15,"sale":731.080005645752}
{"category":"Electronics","month":5,"year":2000,"count":9,"sale":575.4300034046173}
