{"category":"Home_and_Kitchen","month":11,"year":2012,"count":7268,"sale":344587.619853802}
{"category":"Home_and_Kitchen","month":11,"year":2011,"count":3269,"sale":156778.74993255548}
{"category":"Home_and_Kitchen","month":11,"year":2010,"count":1634,"sale":90701.99983371235}
{"category":"Home_and_Kitchen","month":11,"year":2009,"count":1012,"sale":52744.559972047806}
{"category":"Home_and_Kitchen","month":11,"year":2008,"count":597,"sale":28732.35990586877}
{"category":"Home_and_Kitchen","month":11,"year":2007,"count":433,"sale":22338.39987528324}
{"category":"Home_and_Kitchen","month":11,"year":2006,"count":238,"sale":15218.389981985092}
{"category":"Home_and_Kitchen","month":11,"year":2005,"count":113,"sale":6440.379953861237}
{"category":"Home_and_Kitchen","month":11,"year":2004,"count":57,"sale":3444.959997177124}
{"category":"Home_and_Kitchen","month":11,"year":2003,"count":61,"sale":2043.0900111198425}
{"category":"Home_and_Kitchen","month":11,"year":2002,"count":48,"sale":2445.6000270843506}
