{"category":"Video_Games","month":9,"year":2011,"count":19,"sale":1323.4000046253204}
{"category":"Video_Games","month":9,"year":2010,"count":25,"sale":2385.6700286865234}
{"category":"Video_Games","month":9,"year":2009,"count":4,"sale":539.390007019043}
{"category":"Video_Games","month":9,"year":2008,"count":1,"sale":50.9900016784668}
{"category":"Video_Games","month":9,"year":2005,"count":1,"sale":36.40999984741211}
{"category":"Video_Games","month":9,"year":2004,"count":3,"sale":168.5800061225891}
{"category":"Video_Games","month":9,"year":2002,"count":1,"sale":94.98999786376953}
{"category":"Video_Games","month":9,"year":2000,"count":2,"sale":69.22000122070312}
{"category":"Video_Games","month":8,"year":2013,"count":92,"sale":6239.149987459183}
{"category":"Video_Games","month":8,"year":2012,"count":28,"sale":1909.3599922657013}
