{"category":"CDs_and_Vinyl","month":8,"year":2007,"count":974,"sale":14260.059965848923}
{"category":"CDs_and_Vinyl","month":8,"year":2006,"count":1220,"sale":16617.529899597168}
{"category":"CDs_and_Vinyl","month":8,"year":2005,"count":2202,"sale":29775.23981809616}
{"category":"CDs_and_Vinyl","month":8,"year":2004,"count":1407,"sale":18559.50993871689}
{"category":"CDs_and_Vinyl","month":8,"year":2003,"count":1068,"sale":14835.229930639267}
{"category":"CDs_and_Vinyl","month":8,"year":2002,"count":1022,"sale":13544.289969921112}
{"category":"CDs_and_Vinyl","month":8,"year":2001,"count":1181,"sale":16276.789976119995}
{"category":"CDs_and_Vinyl","month":8,"year":2000,"count":1195,"sale":15964.289959788322}
{"category":"CDs_and_Vinyl","month":8,"year":1999,"count":196,"sale":2489.7499861717224}
{"category":"CDs_and_Vinyl","month":8,"year":1998,"count":130,"sale":1874.5499958992004}
