{"category":"Cell_Phones_and_Accessories","month":1,"year":2008,"count":11,"sale":208.50000166893005}
{"category":"Cell_Phones_and_Accessories","month":1,"year":2007,"count":6,"sale":45.489999532699585}
{"category":"CDs_and_Vinyl","month":12,"year":2013,"count":1242,"sale":16252.379928827286}
{"category":"CDs_and_Vinyl","month":12,"year":2012,"count":1442,"sale":19388.179911017418}
{"category":"CDs_and_Vinyl","month":12,"year":2011,"count":596,"sale":8322.939979493618}
{"category":"CDs_and_Vinyl","month":12,"year":2010,"count":426,"sale":6280.1599724292755}
{"category":"CDs_and_Vinyl","month":12,"year":2009,"count":597,"sale":8120.779988527298}
{"category":"CDs_and_Vinyl","month":12,"year":2008,"count":549,"sale":8021.079969882965}
{"category":"CDs_and_Vinyl","month":12,"year":2007,"count":779,"sale":11406.559967517853}
{"category":"CDs_and_Vinyl","month":12,"year":2006,"count":1084,"sale":15055.689947843552}
