{"category":"Video_Games","month":5,"year":2008,"count":1,"sale":107.98999786376953}
{"category":"Video_Games","month":5,"year":2007,"count":2,"sale":91.29000091552734}
{"category":"Video_Games","month":5,"year":2006,"count":2,"sale":117.67999839782715}
{"category":"Video_Games","month":5,"year":2005,"count":1,"sale":36.40999984741211}
{"category":"Video_Games","month":4,"year":2014,"count":109,"sale":7570.170020580292}
{"category":"Video_Games","month":4,"year":2013,"count":134,"sale":6250.750002384186}
{"category":"Video_Games","month":4,"year":2012,"count":26,"sale":1892.7500047683716}
{"category":"Video_Games","month":4,"year":2011,"count":9,"sale":908.129997253418}
{"category":"Video_Games","month":4,"year":2010,"count":4,"sale":470.1799969673157}
{"category":"Video_Games","month":4,"year":2009,"count":1,"sale":36.40999984741211}
