{"category":"Video_Games","month":8,"year":2011,"count":16,"sale":1212.0899991989136}
{"category":"Video_Games","month":8,"year":2010,"count":15,"sale":1483.9800090789795}
{"category":"Video_Games","month":8,"year":2009,"count":6,"sale":796.390007019043}
{"category":"Video_Games","month":8,"year":2007,"count":1,"sale":50.9900016784668}
{"category":"Video_Games","month":8,"year":2006,"count":2,"sale":259.94000244140625}
{"category":"Video_Games","month":8,"year":2005,"count":1,"sale":50.9900016784668}
{"category":"Video_Games","month":8,"year":2001,"count":1,"sale":38.880001068115234}
{"category":"Video_Games","month":7,"year":2014,"count":81,"sale":5210.259974956512}
{"category":"Video_Games","month":7,"year":2013,"count":111,"sale":5968.749976396561}
{"category":"Video_Games","month":7,"year":2012,"count":45,"sale":2287.9300174713135}
{"category":"Video_Games","month":7,"year":2011,"count":16,"sale":1181.74001121521}
