{"category":"CDs_and_Vinyl","month":6,"year":2010,"count":443,"sale":6480.6599724292755}
{"category":"CDs_and_Vinyl","month":6,"year":2009,"count":515,"sale":7470.61997628212}
{"category":"CDs_and_Vinyl","month":6,"year":2008,"count":594,"sale":8387.219957113266}
{"category":"CDs_and_Vinyl","month":6,"year":2007,"count":883,"sale":12205.309942126274}
{"category":"CDs_and_Vinyl","month":6,"year":2006,"count":1473,"sale":20152.41991496086}
{"category":"CDs_and_Vinyl","month":6,"year":2005,"count":1891,"sale":24384.749891400337}
{"category":"CDs_and_Vinyl","month":6,"year":2004,"count":1556,"sale":20483.629961252213}
{"category":"CDs_and_Vinyl","month":6,"year":2003,"count":1191,"sale":15652.919915914536}
{"category":"CDs_and_Vinyl","month":6,"year":2002,"count":961,"sale":12661.14997267723}
{"category":"CDs_and_Vinyl","month":6,"year":2001,"count":1233,"sale":18188.31994473934}
