{"category":"Home_and_Kitchen","month":6,"year":2000,"count":13,"sale":414.7300009727478}
{"category":"Home_and_Kitchen","month":5,"year":2014,"count":13110,"sale":596885.4398111235}
{"category":"Home_and_Kitchen","month":5,"year":2013,"count":11209,"sale":449030.9299034141}
{"category":"Home_and_Kitchen","month":5,"year":2012,"count":3402,"sale":172381.74967959337}
{"category":"Home_and_Kitchen","month":5,"year":2011,"count":2200,"sale":109016.9496520944}
{"category":"Home_and_Kitchen","month":5,"year":2010,"count":1173,"sale":55862.79989567399}
{"category":"Home_and_Kitchen","month":5,"year":2009,"count":702,"sale":32845.539934277534}
{"category":"Home_and_Kitchen","month":5,"year":2008,"count":527,"sale":25624.809950977564}
{"category":"Home_and_Kitchen","month":5,"year":2007,"count":384,"sale":20371.06991624832}
{"category":"Home_and_Kitchen","month":5,"year":2006,"count":104,"sale":5680.359951496124}
