{"category":"CDs_and_Vinyl","month":5,"year":2006,"count":1473,"sale":20352.68992996216}
{"category":"CDs_and_Vinyl","month":5,"year":2005,"count":1820,"sale":23374.12988090515}
{"category":"CDs_and_Vinyl","month":5,"year":2004,"count":1507,"sale":19534.829931735992}
{"category":"CDs_and_Vinyl","month":5,"year":2003,"count":1023,"sale":13226.879956245422}
{"category":"CDs_and_Vinyl","month":5,"year":2002,"count":894,"sale":12264.599979877472}
{"category":"CDs_and_Vinyl","month":5,"year":2001,"count":921,"sale":12290.159954547882}
{"category":"CDs_and_Vinyl","month":5,"year":2000,"count":1559,"sale":20378.289955615997}
{"category":"CDs_and_Vinyl","month":5,"year":1999,"count":128,"sale":1702.5299944877625}
{"category":"CDs_and_Vinyl","month":5,"year":1998,"count":63,"sale":681.2199947834015}
{"category":"CDs_and_Vinyl","month":4,"year":2014,"count":1004,"sale":13119.71995651722}
