{"category":"Sports_and_Outdoors","month":7,"year":2006,"count":16,"sale":874.329984664917}
{"category":"Sports_and_Outdoors","month":7,"year":2005,"count":3,"sale":67.13000059127808}
{"category":"Sports_and_Outdoors","month":7,"year":2003,"count":1,"sale":89.94999694824219}
{"category":"Sports_and_Outdoors","month":6,"year":2014,"count":6349,"sale":223240.6899915263}
{"category":"Sports_and_Outdoors","month":6,"year":2013,"count":6432,"sale":212627.7500292156}
{"category":"Sports_and_Outdoors","month":6,"year":2012,"count":2003,"sale":74542.24010606483}
{"category":"Sports_and_Outdoors","month":6,"year":2011,"count":1282,"sale":49497.06001126766}
{"category":"Sports_and_Outdoors","month":6,"year":2010,"count":349,"sale":14719.45001305081}
{"category":"Sports_and_Outdoors","month":6,"year":2009,"count":155,"sale":6739.080012321472}
{"category":"Sports_and_Outdoors","month":6,"year":2008,"count":83,"sale":4264.420009613037}
{"category":"Sports_and_Outdoors","month":6,"year":2007,"count":48,"sale":2412.0700002908707}
