{"category":"Baby","month":6,"year":2009,"count":156,"sale":4479.780025482178}
{"category":"Baby","month":6,"year":2008,"count":58,"sale":2128.2499883174896}
{"category":"Baby","month":6,"year":2007,"count":28,"sale":1046.9100031852722}
{"category":"Baby","month":6,"year":2006,"count":27,"sale":869.9300136566162}
{"category":"Baby","month":6,"year":2005,"count":59,"sale":1815.8500113487244}
{"category":"Baby","month":6,"year":2004,"count":29,"sale":686.4499974250793}
{"category":"Baby","month":6,"year":2003,"count":9,"sale":307.38999462127686}
{"category":"Baby","month":6,"year":2002,"count":3,"sale":52.869998931884766}
{"category":"Baby","month":5,"year":2014,"count":3720,"sale":138527.63026284054}
{"category":"Baby","month":5,"year":2013,"count":3569,"sale":137527.21041314676}
{"category":"Baby","month":5,"year":2012,"count":1265,"sale":49149.45018185116}
