{"category":"Home_and_Kitchen","month":2,"year":2006,"count":187,"sale":10899.26989030838}
{"category":"Home_and_Kitchen","month":2,"year":2005,"count":80,"sale":3627.3899669647217}
{"category":"Home_and_Kitchen","month":2,"year":2004,"count":36,"sale":2913.329987049103}
{"category":"Home_and_Kitchen","month":2,"year":2003,"count":28,"sale":816.9200010299683}
{"category":"Home_and_Kitchen","month":2,"year":2002,"count":12,"sale":356.2799997329712}
{"category":"Home_and_Kitchen","month":2,"year":2001,"count":11,"sale":557.460015296936}
{"category":"Home_and_Kitchen","month":1,"year":2014,"count":19421,"sale":744290.8399449922}
{"category":"Home_and_Kitchen","month":1,"year":2013,"count":14609,"sale":591438.8900157381}
{"category":"Home_and_Kitchen","month":1,"year":2012,"count":4520,"sale":212305.10959857516}
{"category":"Home_and_Kitchen","month":1,"year":2011,"count":2512,"sale":124977.35977412201}
