{"category":"CDs_and_Vinyl","month":11,"year":2001,"count":1079,"sale":14997.499994039536}
{"category":"CDs_and_Vinyl","month":11,"year":2000,"count":910,"sale":11491.729955017567}
{"category":"CDs_and_Vinyl","month":11,"year":1999,"count":445,"sale":5672.869981944561}
{"category":"CDs_and_Vinyl","month":11,"year":1998,"count":101,"sale":1313.1399993896484}
{"category":"CDs_and_Vinyl","month":10,"year":2013,"count":1035,"sale":14155.389930486679}
{"category":"CDs_and_Vinyl","month":10,"year":2012,"count":587,"sale":8398.05995196104}
{"category":"CDs_and_Vinyl","month":10,"year":2011,"count":492,"sale":6958.999974966049}
{"category":"CDs_and_Vinyl","month":10,"year":2010,"count":425,"sale":5971.209982395172}
{"category":"CDs_and_Vinyl","month":10,"year":2009,"count":540,"sale":7779.469965696335}
{"category":"CDs_and_Vinyl","month":10,"year":2008,"count":490,"sale":7036.569992780685}
