{"category":"Digital_Music","month":10,"year":2010,"count":40,"sale":451.57999563217163}
{"category":"Digital_Music","month":10,"year":2009,"count":70,"sale":817.21999168396}
{"category":"Digital_Music","month":10,"year":2008,"count":38,"sale":490.6399974822998}
{"category":"Digital_Music","month":10,"year":2007,"count":86,"sale":1102.9399971961975}
{"category":"Digital_Music","month":10,"year":2006,"count":192,"sale":2112.5199871063232}
{"category":"Digital_Music","month":10,"year":2005,"count":322,"sale":3451.3199729919434}
{"category":"Digital_Music","month":10,"year":2004,"count":176,"sale":1955.7399816513062}
{"category":"Digital_Music","month":10,"year":2003,"count":227,"sale":2361.2199759483337}
{"category":"Digital_Music","month":10,"year":2002,"count":174,"sale":2009.9799995422363}
{"category":"Digital_Music","month":10,"year":2001,"count":120,"sale":1505.6000022888184}
