{"category":"Toys_and_Games","month":4,"year":2006,"count":34,"sale":1636.1199989318848}
{"category":"Toys_and_Games","month":4,"year":2005,"count":41,"sale":3048.410005569458}
{"category":"Toys_and_Games","month":4,"year":2004,"count":13,"sale":504.9200015068054}
{"category":"Toys_and_Games","month":4,"year":2003,"count":5,"sale":145.72000122070312}
{"category":"Toys_and_Games","month":4,"year":2002,"count":3,"sale":130.71000289916992}
{"category":"Toys_and_Games","month":4,"year":2001,"count":1,"sale":24.030000686645508}
{"category":"Toys_and_Games","month":3,"year":2014,"count":3713,"sale":84331.64006569795}
{"category":"Toys_and_Games","month":3,"year":2013,"count":3123,"sale":77730.2100075502}
{"category":"Toys_and_Games","month":3,"year":2012,"count":985,"sale":27702.529947886243}
{"category":"Toys_and_Games","month":3,"year":2011,"count":474,"sale":15776.100068926811}
