{"category":"Movies_and_TV","month":2,"year":2007,"count":2508,"sale":31294.88996858895}
{"category":"Movies_and_TV","month":2,"year":2006,"count":2885,"sale":36172.879913948476}
{"category":"Movies_and_TV","month":2,"year":2005,"count":2611,"sale":29576.059892298654}
{"category":"Movies_and_TV","month":2,"year":2004,"count":2280,"sale":24947.609976360574}
{"category":"Movies_and_TV","month":2,"year":2003,"count":1690,"sale":18280.849919639528}
{"category":"Movies_and_TV","month":2,"year":2002,"count":1593,"sale":15562.099935598671}
{"category":"Movies_and_TV","month":2,"year":2001,"count":1301,"sale":11724.699963530526}
{"category":"Movies_and_TV","month":2,"year":2000,"count":1197,"sale":10735.869963927194}
{"category":"Movies_and_TV","month":2,"year":1999,"count":105,"sale":1037.280000269413}
{"category":"Movies_and_TV","month":2,"year":1998,"count":1,"sale":9.479999542236328}
{"category":"Movies_and_TV","month":1,"year":2014,"count":8284,"sale":93534.62989779375}
