{"category":"Beauty","month":2,"year":2014,"count":6787,"sale":85706.44986362197}
{"category":"Beauty","month":2,"year":2013,"count":5947,"sale":79428.95983621478}
{"category":"Beauty","month":2,"year":2012,"count":1382,"sale":21066.959978934377}
{"category":"Beauty","month":2,"year":2011,"count":495,"sale":9531.859977880493}
{"category":"Beauty","month":2,"year":2010,"count":271,"sale":4775.4300183057785}
{"category":"Beauty","month":2,"year":2009,"count":192,"sale":5551.689923644066}
{"category":"Beauty","month":2,"year":2008,"count":83,"sale":1825.3400020599365}
{"category":"Beauty","month":2,"year":2007,"count":24,"sale":512.9100003242493}
{"category":"Beauty","month":2,"year":2006,"count":15,"sale":263.9699981212616}
{"category":"Beauty","month":2,"year":2005,"count":4,"sale":93.89999961853027}
