{"category":"Digital_Music","month":12,"year":1999,"count":132,"sale":1470.9800019264221}
{"category":"Digital_Music","month":12,"year":1998,"count":14,"sale":109.97999954223633}
{"category":"Digital_Music","month":11,"year":2013,"count":58,"sale":693.7599968910217}
{"category":"Digital_Music","month":11,"year":2012,"count":60,"sale":632.1999945640564}
{"category":"Digital_Music","month":11,"year":2011,"count":54,"sale":679.1799955368042}
{"category":"Digital_Music","month":11,"year":2010,"count":46,"sale":585.8599944114685}
{"category":"Digital_Music","month":11,"year":2009,"count":68,"sale":915.4399929046631}
{"category":"Digital_Music","month":11,"year":2008,"count":54,"sale":703.4199962615967}
{"category":"Digital_Music","month":11,"year":2007,"count":82,"sale":1042.4599933624268}
{"category":"Digital_Music","month":11,"year":2006,"count":100,"sale":1068.3799991607666}
