{"category":"Beauty","month":2,"year":2004,"count":7,"sale":69.53000020980835}
{"category":"Beauty","month":1,"year":2014,"count":7034,"sale":89766.85978728533}
{"category":"Beauty","month":1,"year":2013,"count":5857,"sale":85582.1199304238}
{"category":"Beauty","month":1,"year":2012,"count":1569,"sale":24891.289998363703}
{"category":"Beauty","month":1,"year":2011,"count":470,"sale":8325.789995282888}
{"category":"Beauty","month":1,"year":2010,"count":197,"sale":3859.169993519783}
{"category":"Beauty","month":1,"year":2009,"count":237,"sale":7423.889853477478}
{"category":"Beauty","month":1,"year":2008,"count":125,"sale":3295.650033244863}
{"category":"Beauty","month":1,"year":2007,"count":30,"sale":703.050003528595}
{"category":"Beauty","month":1,"year":2006,"count":15,"sale":460.33000659942627}
{"category":"Beauty","month":1,"year":2005,"count":9,"sale":222.43000078201294}
