{"category":"Sports_and_Outdoors","month":10,"year":2006,"count":6,"sale":544.2799987792969}
{"category":"Sports_and_Outdoors","month":10,"year":2005,"count":8,"sale":691.6600012779236}
{"category":"Sports_and_Outdoors","month":10,"year":2004,"count":1,"sale":83.98999786376953}
{"category":"Sports_and_Outdoors","month":9,"year":2013,"count":6027,"sale":213863.03990962915}
{"category":"Sports_and_Outdoors","month":9,"year":2012,"count":2404,"sale":87042.04013193585}
{"category":"Sports_and_Outdoors","month":9,"year":2011,"count":1423,"sale":52997.010091781616}
{"category":"Sports_and_Outdoors","month":9,"year":2010,"count":514,"sale":19760.04995633103}
{"category":"Sports_and_Outdoors","month":9,"year":2009,"count":222,"sale":8661.75997364521}
{"category":"Sports_and_Outdoors","month":9,"year":2008,"count":73,"sale":3623.8699889183044}
{"category":"Sports_and_Outdoors","month":9,"year":2007,"count":49,"sale":3266.7699842453003}
