{"category":"CDs_and_Vinyl","month":12,"year":2005,"count":2055,"sale":28031.889882445335}
{"category":"CDs_and_Vinyl","month":12,"year":2004,"count":1829,"sale":25141.659977912903}
{"category":"CDs_and_Vinyl","month":12,"year":2003,"count":1575,"sale":20479.549919247627}
{"category":"CDs_and_Vinyl","month":12,"year":2002,"count":1186,"sale":16083.889938354492}
{"category":"CDs_and_Vinyl","month":12,"year":2001,"count":1080,"sale":14211.72997868061}
{"category":"CDs_and_Vinyl","month":12,"year":2000,"count":970,"sale":13152.719947576523}
{"category":"CDs_and_Vinyl","month":12,"year":1999,"count":1020,"sale":13117.029965639114}
{"category":"CDs_and_Vinyl","month":12,"year":1998,"count":126,"sale":1611.9099860191345}
{"category":"CDs_and_Vinyl","month":12,"year":1997,"count":2,"sale":25.31999969482422}
{"category":"CDs_and_Vinyl","month":11,"year":2013,"count":1056,"sale":13954.939967155457}
