{"category":"Movies_and_TV","month":4,"year":2004,"count":2327,"sale":24671.77990275435}
{"category":"Movies_and_TV","month":4,"year":2003,"count":1795,"sale":18900.319947831333}
{"category":"Movies_and_TV","month":4,"year":2002,"count":1734,"sale":17343.289917061105}
{"category":"Movies_and_TV","month":4,"year":2001,"count":1339,"sale":13643.679957371205}
{"category":"Movies_and_TV","month":4,"year":2000,"count":1748,"sale":16504.619958849624}
{"category":"Movies_and_TV","month":4,"year":1999,"count":215,"sale":2138.9899979531765}
{"category":"Movies_and_TV","month":4,"year":1998,"count":4,"sale":49.11000061035156}
{"category":"Movies_and_TV","month":3,"year":2014,"count":7367,"sale":83267.36982999183}
{"category":"Movies_and_TV","month":3,"year":2013,"count":6853,"sale":80905.68986543827}
{"category":"Movies_and_TV","month":3,"year":2012,"count":1672,"sale":21309.81001147069}
{"category":"Movies_and_TV","month":3,"year":2011,"count":1580,"sale":19856.27998466976}
