{"category":"Toys_and_Games","month":6,"year":2010,"count":223,"sale":7616.980002403259}
{"category":"Toys_and_Games","month":6,"year":2009,"count":120,"sale":3966.3899943828583}
{"category":"Toys_and_Games","month":6,"year":2008,"count":76,"sale":2755.409980773926}
{"category":"Toys_and_Games","month":6,"year":2007,"count":46,"sale":1561.6799941062927}
{"category":"Toys_and_Games","month":6,"year":2006,"count":34,"sale":1904.5800161361694}
{"category":"Toys_and_Games","month":6,"year":2005,"count":33,"sale":1936.6700115203857}
{"category":"Toys_and_Games","month":6,"year":2004,"count":8,"sale":898.9000217914581}
{"category":"Toys_and_Games","month":6,"year":2003,"count":21,"sale":631.9800028800964}
{"category":"Toys_and_Games","month":6,"year":2002,"count":3,"sale":227.89000511169434}
{"category":"Toys_and_Games","month":6,"year":2001,"count":1,"sale":10.989999771118164}
{"category":"Toys_and_Games","month":5,"year":2014,"count":3037,"sale":70607.86024628952}
