{"category":"Movies_and_TV","month":1,"year":2013,"count":7030,"sale":83080.25994317047}
{"category":"Movies_and_TV","month":1,"year":2012,"count":1814,"sale":21708.639958124608}
{"category":"Movies_and_TV","month":1,"year":2011,"count":1600,"sale":20919.249992040917}
{"category":"Movies_and_TV","month":1,"year":2010,"count":2058,"sale":26093.650093404576}
{"category":"Movies_and_TV","month":1,"year":2009,"count":2118,"sale":26099.789918977767}
{"category":"Movies_and_TV","month":1,"year":2008,"count":2109,"sale":26912.369932143018}
{"category":"Movies_and_TV","month":1,"year":2007,"count":3765,"sale":48627.43999797106}
{"category":"Movies_and_TV","month":1,"year":2006,"count":2968,"sale":38181.5699461028}
{"category":"Movies_and_TV","month":1,"year":2005,"count":3061,"sale":35437.109865179285}
{"category":"Movies_and_TV","month":1,"year":2004,"count":2538,"sale":25723.769901238382}
