{"category":"CDs_and_Vinyl","month":1,"year":2001,"count":918,"sale":12303.619972229004}
{"category":"CDs_and_Vinyl","month":1,"year":2000,"count":1171,"sale":15554.4899289608}
{"category":"CDs_and_Vinyl","month":1,"year":1999,"count":100,"sale":1425.8899903297424}
{"category":"CDs_and_Vinyl","month":1,"year":1998,"count":1,"sale":7.03000020980835}
{"category":"Beauty","month":12,"year":2013,"count":6473,"sale":87139.73969930038}
{"category":"Beauty","month":12,"year":2012,"count":4635,"sale":68167.39993309043}
{"category":"Beauty","month":12,"year":2011,"count":1341,"sale":21939.38993999362}
{"category":"Beauty","month":12,"year":2010,"count":456,"sale":8831.86999219656}
{"category":"Beauty","month":12,"year":2009,"count":131,"sale":2439.7399945259094}
{"category":"Beauty","month":12,"year":2008,"count":128,"sale":3064.239982277155}
