{"category":"Home_and_Kitchen","month":1,"year":2010,"count":1447,"sale":67143.57990974188}
{"category":"Home_and_Kitchen","month":1,"year":2009,"count":966,"sale":50546.44984316826}
{"category":"Home_and_Kitchen","month":1,"year":2008,"count":624,"sale":31359.529880285263}
{"category":"Home_and_Kitchen","month":1,"year":2007,"count":517,"sale":28522.25980257988}
{"category":"Home_and_Kitchen","month":1,"year":2006,"count":168,"sale":10921.599984169006}
{"category":"Home_and_Kitchen","month":1,"year":2005,"count":105,"sale":8278.769986629486}
{"category":"Home_and_Kitchen","month":1,"year":2004,"count":51,"sale":3696.78001332283}
{"category":"Home_and_Kitchen","month":1,"year":2003,"count":59,"sale":2600.899987220764}
{"category":"Home_and_Kitchen","month":1,"year":2002,"count":15,"sale":778.6199898719788}
{"category":"Home_and_Kitchen","month":1,"year":2001,"count":13,"sale":896.350001335144}
{"category":"Health_and_Personal_Care","month":12,"year":2013,"count":11765,"sale":233436.1304627098}
