{"category":"Electronics","month":7,"year":2001,"count":20,"sale":1138.4100020024925}
{"category":"Electronics","month":7,"year":2000,"count":9,"sale":348.5899970624596}
{"category":"Electronics","month":6,"year":2014,"count":26242,"sale":2080429.0368510038}
{"category":"Electronics","month":6,"year":2013,"count":24347,"sale":1734664.830027189}
{"category":"Electronics","month":6,"year":2012,"count":9465,"sale":673506.1596866213}
{"category":"Electronics","month":6,"year":2011,"count":5976,"sale":405768.1899146363}
{"category":"Electronics","month":6,"year":2010,"count":2898,"sale":193957.82012426294}
{"category":"Electronics","month":6,"year":2009,"count":1837,"sale":142121.5501948148}
{"category":"Electronics","month":6,"year":2008,"count":1114,"sale":95995.75029634684}
{"category":"Electronics","month":6,"year":2007,"count":592,"sale":47977.849934037775}
{"category":"Electronics","month":6,"year":2006,"count":183,"sale":19982.100010871887}
