{"category":"Digital_Music","month":6,"year":2002,"count":143,"sale":1670.1999940872192}
{"category":"Digital_Music","month":6,"year":2001,"count":170,"sale":2017.459990978241}
{"category":"Digital_Music","month":6,"year":2000,"count":139,"sale":1511.4399938583374}
{"category":"Digital_Music","month":6,"year":1999,"count":20,"sale":233.61999988555908}
{"category":"Digital_Music","month":6,"year":1998,"count":16,"sale":126.31999969482422}
{"category":"Digital_Music","month":5,"year":2014,"count":46,"sale":502.7399935722351}
{"category":"Digital_Music","month":5,"year":2013,"count":88,"sale":995.3400030136108}
{"category":"Digital_Music","month":5,"year":2012,"count":54,"sale":659.4799909591675}
{"category":"Digital_Music","month":5,"year":2011,"count":50,"sale":667.1199917793274}
{"category":"Digital_Music","month":5,"year":2010,"count":32,"sale":403.4199962615967}
