{"category":"Electronics","month":4,"year":2004,"count":31,"sale":2403.260006904602}
{"category":"Electronics","month":4,"year":2003,"count":38,"sale":3387.240019798279}
{"category":"Electronics","month":4,"year":2002,"count":13,"sale":1030.0799922943115}
{"category":"Electronics","month":4,"year":2001,"count":11,"sale":339.24999618530273}
{"category":"Electronics","month":4,"year":2000,"count":3,"sale":404.9799995422363}
{"category":"Electronics","month":3,"year":2014,"count":32115,"sale":2428783.7882679924}
{"category":"Electronics","month":3,"year":2013,"count":28753,"sale":1865656.9707642496}
{"category":"Electronics","month":3,"year":2012,"count":9327,"sale":559449.6500106491}
{"category":"Electronics","month":3,"year":2011,"count":5779,"sale":383411.4399670586}
{"category":"Electronics","month":3,"year":2010,"count":2966,"sale":204447.21000755206}
