{"category":"Beauty","month":8,"year":2009,"count":128,"sale":2409.530009627342}
{"category":"Beauty","month":8,"year":2008,"count":124,"sale":2886.5499877929688}
{"category":"Beauty","month":8,"year":2007,"count":22,"sale":465.4500000476837}
{"category":"Beauty","month":8,"year":2006,"count":7,"sale":138.23999977111816}
{"category":"Beauty","month":8,"year":2005,"count":7,"sale":185.89000272750854}
{"category":"Beauty","month":8,"year":2004,"count":6,"sale":158.9700002670288}
{"category":"Beauty","month":7,"year":2014,"count":3681,"sale":53016.750035423785}
{"category":"Beauty","month":7,"year":2013,"count":5556,"sale":69360.00980276056}
{"category":"Beauty","month":7,"year":2012,"count":2297,"sale":29941.550023999065}
{"category":"Beauty","month":7,"year":2011,"count":835,"sale":13719.040003169328}
{"category":"Beauty","month":7,"year":2010,"count":341,"sale":6461.830027192831}
