{"category":"Home_and_Kitchen","month":5,"year":2005,"count":75,"sale":5680.199939727783}
{"category":"Home_and_Kitchen","month":5,"year":2004,"count":27,"sale":1224.8600006103516}
{"category":"Home_and_Kitchen","month":5,"year":2003,"count":48,"sale":1836.1299872398376}
{"category":"Home_and_Kitchen","month":5,"year":2002,"count":11,"sale":632.7500057220459}
{"category":"Home_and_Kitchen","month":5,"year":2001,"count":15,"sale":625.0099987983704}
{"category":"Home_and_Kitchen","month":5,"year":2000,"count":27,"sale":1141.3299813270569}
{"category":"Home_and_Kitchen","month":4,"year":2014,"count":13208,"sale":564754.8403582312}
{"category":"Home_and_Kitchen","month":4,"year":2013,"count":11853,"sale":470124.99004820734}
{"category":"Home_and_Kitchen","month":4,"year":2012,"count":3127,"sale":144403.8098498471}
{"category":"Home_and_Kitchen","month":4,"year":2011,"count":2064,"sale":99931.75999582745}
{"category":"Home_and_Kitchen","month":4,"year":2010,"count":1126,"sale":49533.099931616336}
