{"category":"Toys_and_Games","month":11,"year":2003,"count":18,"sale":621.080005645752}
{"category":"Toys_and_Games","month":11,"year":2002,"count":10,"sale":402.67000579833984}
{"category":"Toys_and_Games","month":11,"year":2001,"count":9,"sale":185.1999979019165}
{"category":"Toys_and_Games","month":11,"year":2000,"count":3,"sale":36.939999759197235}
{"category":"Toys_and_Games","month":10,"year":2013,"count":3968,"sale":105014.73007805645}
{"category":"Toys_and_Games","month":10,"year":2012,"count":2203,"sale":61794.840101981536}
{"category":"Toys_and_Games","month":10,"year":2011,"count":1082,"sale":44289.60993630625}
{"category":"Toys_and_Games","month":10,"year":2010,"count":403,"sale":13741.169991979375}
{"category":"Toys_and_Games","month":10,"year":2009,"count":210,"sale":7754.7499977350235}
{"category":"Toys_and_Games","month":10,"year":2008,"count":165,"sale":4905.8199870586395}
