{"category":"Electronics","year":2013,"count":336189,"sale":2.3345400130325016E7}
{"category":"Electronics","year":2012,"count":150160,"sale":9703811.768957552}
