{"category":"Video_Games","year":2014,"count":803,"sale":48811.28994682245}
{"category":"Video_Games","year":2013,"count":1344,"sale":83766.19972424582}
