{"category":"Musical_Instruments","year":2007,"count":14,"sale":388.29999685287476}
{"category":"Musical_Instruments","year":2006,"count":7,"sale":398.5000014305115}
