{"category":"Cell_Phones_and_Accessories","year":2008,"count":161,"sale":3343.2200004421175}
{"category":"Cell_Phones_and_Accessories","year":2007,"count":76,"sale":1116.9099949859083}
