{"category":"Movies_and_TV","month":3,"year":2014,"count":7370,"avg_rating":4.419674355495251}
{"category":"Movies_and_TV","month":3,"year":2013,"count":6853,"avg_rating":4.432365387421568}
{"category":"Movies_and_TV","month":3,"year":2012,"count":1672,"avg_rating":4.150717703349282}
{"category":"Movies_and_TV","month":3,"year":2011,"count":1580,"avg_rating":4.096835443037975}
{"category":"Movies_and_TV","month":3,"year":2010,"count":1646,"avg_rating":4.047387606318347}
{"category":"Movies_and_TV","month":3,"year":2009,"count":1683,"avg_rating":4.083184789067142}
{"category":"Movies_and_TV","month":3,"year":2008,"count":1983,"avg_rating":4.00201714573878}
{"category":"Movies_and_TV","month":3,"year":2007,"count":2923,"avg_rating":4.0776599384194325}
{"category":"Movies_and_TV","month":3,"year":2006,"count":3150,"avg_rating":3.987619047619048}
{"category":"Movies_and_TV","month":3,"year":2005,"count":3003,"avg_rating":3.873126873126873}
{"category":"Movies_and_TV","month":3,"year":2004,"count":2127,"avg_rating":3.827456511518571}
{"category":"Movies_and_TV","month":3,"year":2003,"count":1886,"avg_rating":3.9321314952279955}
