{"category":"CDs_and_Vinyl","month":12,"year":2007,"count":779,"avg_rating":4.2657252888318355}
{"category":"CDs_and_Vinyl","month":12,"year":2006,"count":1084,"avg_rating":4.25830258302583}
{"category":"CDs_and_Vinyl","month":12,"year":2005,"count":2055,"avg_rating":4.126520681265207}
{"category":"CDs_and_Vinyl","month":12,"year":2004,"count":1830,"avg_rating":4.0710382513661205}
{"category":"CDs_and_Vinyl","month":12,"year":2003,"count":1575,"avg_rating":4.2844444444444445}
{"category":"CDs_and_Vinyl","month":11,"year":2013,"count":1057,"avg_rating":4.613055818353832}
{"category":"CDs_and_Vinyl","month":11,"year":2012,"count":888,"avg_rating":4.518018018018018}
{"category":"CDs_and_Vinyl","month":11,"year":2011,"count":534,"avg_rating":4.440074906367041}
{"category":"CDs_and_Vinyl","month":11,"year":2010,"count":432,"avg_rating":4.393518518518518}
{"category":"CDs_and_Vinyl","month":11,"year":2009,"count":494,"avg_rating":4.41497975708502}
{"category":"CDs_and_Vinyl","month":11,"year":2008,"count":517,"avg_rating":4.3056092843326885}
{"category":"CDs_and_Vinyl","month":11,"year":2007,"count":737,"avg_rating":4.388059701492537}
{"category":"CDs_and_Vinyl","month":11,"year":2006,"count":1145,"avg_rating":4.170305676855895}
