{"category":"Electronics","month":2,"year":2004,"count":48,"avg_rating":4.0}
{"category":"Electronics","month":2,"year":2003,"count":40,"avg_rating":3.725}
{"category":"Electronics","month":1,"year":2014,"count":37342,"avg_rating":4.2780515237534145}
{"category":"Electronics","month":1,"year":2013,"count":34639,"avg_rating":4.318311729553393}
{"category":"Electronics","month":1,"year":2012,"count":11288,"avg_rating":4.161676116229624}
{"category":"Electronics","month":1,"year":2011,"count":5736,"avg_rating":4.1469665271966525}
{"category":"Electronics","month":1,"year":2010,"count":2953,"avg_rating":4.1506942092787}
{"category":"Electronics","month":1,"year":2009,"count":2130,"avg_rating":4.27981220657277}
{"category":"Electronics","month":1,"year":2008,"count":1188,"avg_rating":4.236531986531986}
{"category":"Electronics","month":1,"year":2007,"count":1015,"avg_rating":4.241379310344827}
{"category":"Electronics","month":1,"year":2006,"count":240,"avg_rating":3.870833333333333}
{"category":"Electronics","month":1,"year":2005,"count":127,"avg_rating":3.8976377952755907}
{"category":"Electronics","month":1,"year":2004,"count":52,"avg_rating":4.096153846153846}
