{"category":"Baby","month":12,"year":2013,"count":4833,"avg_rating":4.24332712600869}
{"category":"Baby","month":12,"year":2012,"count":3549,"avg_rating":4.2786700479008175}
{"category":"Baby","month":12,"year":2011,"count":1123,"avg_rating":4.194122885129119}
{"category":"Baby","month":12,"year":2010,"count":565,"avg_rating":4.136283185840708}
{"category":"Baby","month":12,"year":2009,"count":194,"avg_rating":4.020618556701031}
{"category":"Baby","month":12,"year":2008,"count":85,"avg_rating":4.0588235294117645}
{"category":"Baby","month":12,"year":2007,"count":33,"avg_rating":4.606060606060606}
{"category":"Baby","month":12,"year":2006,"count":19,"avg_rating":4.157894736842105}
{"category":"Baby","month":12,"year":2005,"count":51,"avg_rating":3.803921568627451}
{"category":"Baby","month":12,"year":2004,"count":19,"avg_rating":4.157894736842105}
{"category":"Baby","month":12,"year":2003,"count":16,"avg_rating":3.625}
{"category":"Baby","month":11,"year":2013,"count":4232,"avg_rating":4.23086011342155}
{"category":"Baby","month":11,"year":2012,"count":2254,"avg_rating":4.2062999112688555}
