{"category":"Electronics","month":5,"year":2006,"count":147,"avg_rating":4.142857142857143}
{"category":"Electronics","month":5,"year":2005,"count":84,"avg_rating":3.9761904761904763}
{"category":"Electronics","month":5,"year":2004,"count":52,"avg_rating":3.673076923076923}
{"category":"Electronics","month":5,"year":2003,"count":42,"avg_rating":3.9047619047619047}
{"category":"Electronics","month":4,"year":2014,"count":27887,"avg_rating":4.275468856456413}
{"category":"Electronics","month":4,"year":2013,"count":26934,"avg_rating":4.2865151852676915}
{"category":"Electronics","month":4,"year":2012,"count":9067,"avg_rating":4.157053049520238}
{"category":"Electronics","month":4,"year":2011,"count":5750,"avg_rating":4.1521739130434785}
{"category":"Electronics","month":4,"year":2010,"count":2660,"avg_rating":4.178571428571429}
{"category":"Electronics","month":4,"year":2009,"count":1654,"avg_rating":4.192865779927448}
{"category":"Electronics","month":4,"year":2008,"count":1079,"avg_rating":4.239110287303058}
{"category":"Electronics","month":4,"year":2007,"count":476,"avg_rating":4.216386554621849}
{"category":"Electronics","month":4,"year":2006,"count":187,"avg_rating":3.9037433155080214}
