{"category":"Toys_and_Games","month":9,"year":2008,"count":147,"avg_rating":4.258503401360544}
{"category":"Toys_and_Games","month":9,"year":2007,"count":35,"avg_rating":4.485714285714286}
{"category":"Toys_and_Games","month":9,"year":2006,"count":22,"avg_rating":4.2727272727272725}
{"category":"Toys_and_Games","month":9,"year":2005,"count":41,"avg_rating":4.170731707317073}
{"category":"Toys_and_Games","month":9,"year":2004,"count":15,"avg_rating":4.466666666666667}
{"category":"Toys_and_Games","month":9,"year":2003,"count":13,"avg_rating":4.769230769230769}
{"category":"Toys_and_Games","month":8,"year":2013,"count":3474,"avg_rating":4.297639608520438}
{"category":"Toys_and_Games","month":8,"year":2012,"count":1504,"avg_rating":4.323803191489362}
{"category":"Toys_and_Games","month":8,"year":2011,"count":887,"avg_rating":4.303269447576099}
{"category":"Toys_and_Games","month":8,"year":2010,"count":419,"avg_rating":4.221957040572792}
{"category":"Toys_and_Games","month":8,"year":2009,"count":151,"avg_rating":4.33112582781457}
{"category":"Toys_and_Games","month":8,"year":2008,"count":74,"avg_rating":4.445945945945946}
{"category":"Toys_and_Games","month":8,"year":2007,"count":37,"avg_rating":4.513513513513513}
