{"category":"Baby","month":1,"year":2003,"count":4,"avg_rating":3.5}
{"category":"Automotive","month":12,"year":2013,"count":591,"avg_rating":4.534686971235194}
{"category":"Automotive","month":12,"year":2012,"count":469,"avg_rating":4.53091684434968}
{"category":"Automotive","month":12,"year":2011,"count":119,"avg_rating":4.470588235294118}
{"category":"Automotive","month":12,"year":2010,"count":54,"avg_rating":4.277777777777778}
{"category":"Automotive","month":12,"year":2009,"count":29,"avg_rating":4.586206896551724}
{"category":"Automotive","month":12,"year":2008,"count":3,"avg_rating":3.6666666666666665}
{"category":"Automotive","month":12,"year":2007,"count":7,"avg_rating":3.857142857142857}
{"category":"Automotive","month":11,"year":2013,"count":513,"avg_rating":4.423001949317738}
{"category":"Automotive","month":11,"year":2012,"count":243,"avg_rating":4.333333333333333}
{"category":"Automotive","month":11,"year":2011,"count":85,"avg_rating":4.658823529411765}
{"category":"Automotive","month":11,"year":2010,"count":37,"avg_rating":4.486486486486487}
{"category":"Automotive","month":11,"year":2009,"count":16,"avg_rating":4.875}
