{"category":"CDs_and_Vinyl","month":8,"year":2013,"count":1088,"avg_rating":4.641544117647059}
{"category":"CDs_and_Vinyl","month":8,"year":2012,"count":520,"avg_rating":4.425}
{"category":"CDs_and_Vinyl","month":8,"year":2011,"count":476,"avg_rating":4.4411764705882355}
{"category":"CDs_and_Vinyl","month":8,"year":2010,"count":459,"avg_rating":4.440087145969499}
{"category":"CDs_and_Vinyl","month":8,"year":2009,"count":509,"avg_rating":4.229862475442043}
{"category":"CDs_and_Vinyl","month":8,"year":2008,"count":606,"avg_rating":4.29042904290429}
{"category":"CDs_and_Vinyl","month":8,"year":2007,"count":975,"avg_rating":4.302564102564102}
{"category":"CDs_and_Vinyl","month":8,"year":2006,"count":1220,"avg_rating":4.177049180327868}
{"category":"CDs_and_Vinyl","month":8,"year":2005,"count":2202,"avg_rating":4.13669391462307}
{"category":"CDs_and_Vinyl","month":8,"year":2004,"count":1407,"avg_rating":4.259417199715707}
{"category":"CDs_and_Vinyl","month":8,"year":2003,"count":1068,"avg_rating":4.277153558052435}
{"category":"CDs_and_Vinyl","month":7,"year":2014,"count":624,"avg_rating":4.597756410256411}
{"category":"CDs_and_Vinyl","month":7,"year":2013,"count":1157,"avg_rating":4.585133967156439}
