{"category":"Electronics","month":4,"year":2005,"count":64,"avg_rating":3.65625}
{"category":"Electronics","month":4,"year":2004,"count":31,"avg_rating":3.4516129032258065}
{"category":"Electronics","month":4,"year":2003,"count":38,"avg_rating":3.710526315789474}
{"category":"Electronics","month":3,"year":2014,"count":32135,"avg_rating":4.292982729111561}
{"category":"Electronics","month":3,"year":2013,"count":28766,"avg_rating":4.305881943961621}
{"category":"Electronics","month":3,"year":2012,"count":9329,"avg_rating":4.129810269053489}
{"category":"Electronics","month":3,"year":2011,"count":5781,"avg_rating":4.168482961425359}
{"category":"Electronics","month":3,"year":2010,"count":2967,"avg_rating":4.188405797101449}
{"category":"Electronics","month":3,"year":2009,"count":1617,"avg_rating":4.30921459492888}
{"category":"Electronics","month":3,"year":2008,"count":982,"avg_rating":4.211812627291242}
{"category":"Electronics","month":3,"year":2007,"count":691,"avg_rating":4.293777134587554}
{"category":"Electronics","month":3,"year":2006,"count":293,"avg_rating":4.078498293515358}
