{"category":"Electronics","month":6,"year":2006,"count":183,"avg_rating":4.163934426229508}
{"category":"Electronics","month":6,"year":2005,"count":86,"avg_rating":3.686046511627907}
{"category":"Electronics","month":6,"year":2004,"count":45,"avg_rating":3.7333333333333334}
{"category":"Electronics","month":6,"year":2003,"count":51,"avg_rating":3.9411764705882355}
{"category":"Electronics","month":5,"year":2014,"count":26333,"avg_rating":4.266509702654464}
{"category":"Electronics","month":5,"year":2013,"count":25912,"avg_rating":4.273772769373263}
{"category":"Electronics","month":5,"year":2012,"count":9217,"avg_rating":4.130845177389606}
{"category":"Electronics","month":5,"year":2011,"count":5768,"avg_rating":4.129854368932039}
{"category":"Electronics","month":5,"year":2010,"count":2837,"avg_rating":4.148748678181177}
{"category":"Electronics","month":5,"year":2009,"count":1725,"avg_rating":4.197101449275363}
{"category":"Electronics","month":5,"year":2008,"count":1169,"avg_rating":4.25235243798118}
{"category":"Electronics","month":5,"year":2007,"count":788,"avg_rating":4.279187817258883}
