{"category":"Beauty","month":6,"year":2010,"count":417,"avg_rating":4.083932853717027}
{"category":"Beauty","month":6,"year":2009,"count":190,"avg_rating":4.073684210526316}
{"category":"Beauty","month":6,"year":2008,"count":78,"avg_rating":4.153846153846154}
{"category":"Beauty","month":6,"year":2007,"count":41,"avg_rating":4.170731707317073}
{"category":"Beauty","month":6,"year":2006,"count":15,"avg_rating":4.133333333333334}
{"category":"Beauty","month":6,"year":2005,"count":19,"avg_rating":4.526315789473684}
{"category":"Beauty","month":6,"year":2004,"count":3,"avg_rating":5.0}
{"category":"Beauty","month":5,"year":2014,"count":5861,"avg_rating":4.130353182050845}
{"category":"Beauty","month":5,"year":2013,"count":5926,"avg_rating":4.193722578467769}
{"category":"Beauty","month":5,"year":2012,"count":1707,"avg_rating":4.154071470415935}
{"category":"Beauty","month":5,"year":2011,"count":717,"avg_rating":4.104602510460251}
{"category":"Beauty","month":5,"year":2010,"count":305,"avg_rating":4.098360655737705}
{"category":"Beauty","month":5,"year":2009,"count":175,"avg_rating":4.257142857142857}
