{"category":"Movies_and_TV","month":11,"year":2009,"count":1457,"avg_rating":4.094028826355525}
{"category":"Movies_and_TV","month":11,"year":2008,"count":1671,"avg_rating":4.093955715140634}
{"category":"Movies_and_TV","month":11,"year":2007,"count":1837,"avg_rating":4.1399020141535114}
{"category":"Movies_and_TV","month":11,"year":2006,"count":2334,"avg_rating":3.9957155098543273}
{"category":"Movies_and_TV","month":11,"year":2005,"count":2627,"avg_rating":3.8865626189569853}
{"category":"Movies_and_TV","month":11,"year":2004,"count":2364,"avg_rating":3.910321489001692}
{"category":"Movies_and_TV","month":11,"year":2003,"count":2083,"avg_rating":3.9198271723475755}
{"category":"Movies_and_TV","month":10,"year":2013,"count":5472,"avg_rating":4.435489766081871}
{"category":"Movies_and_TV","month":10,"year":2012,"count":2021,"avg_rating":4.303315190499752}
{"category":"Movies_and_TV","month":10,"year":2011,"count":1638,"avg_rating":4.125763125763126}
{"category":"Movies_and_TV","month":10,"year":2010,"count":1451,"avg_rating":4.1033769813921435}
{"category":"Movies_and_TV","month":10,"year":2009,"count":1575,"avg_rating":4.052698412698413}
