{"category":"Electronics","month":10,"year":2010,"count":3971,"avg_rating":4.130445731553765}
{"category":"Electronics","month":10,"year":2009,"count":2064,"avg_rating":4.184108527131783}
{"category":"Electronics","month":10,"year":2008,"count":1167,"avg_rating":4.2399314481576695}
{"category":"Electronics","month":10,"year":2007,"count":708,"avg_rating":4.221751412429379}
{"category":"Electronics","month":10,"year":2006,"count":193,"avg_rating":3.854922279792746}
{"category":"Electronics","month":10,"year":2005,"count":172,"avg_rating":4.017441860465116}
{"category":"Electronics","month":10,"year":2004,"count":96,"avg_rating":3.8229166666666665}
{"category":"Electronics","month":10,"year":2003,"count":46,"avg_rating":3.782608695652174}
{"category":"Electronics","month":9,"year":2013,"count":22898,"avg_rating":4.254345357673159}
{"category":"Electronics","month":9,"year":2012,"count":10166,"avg_rating":4.176175486917175}
{"category":"Electronics","month":9,"year":2011,"count":7815,"avg_rating":4.187076135636596}
{"category":"Electronics","month":9,"year":2010,"count":3865,"avg_rating":4.179301423027167}
