{"category":"Movies_and_TV","month":8,"year":2004,"count":2698,"avg_rating":3.871015567086731}
{"category":"Movies_and_TV","month":8,"year":2003,"count":1685,"avg_rating":3.893768545994065}
{"category":"Movies_and_TV","month":7,"year":2014,"count":3175,"avg_rating":4.468031496062992}
{"category":"Movies_and_TV","month":7,"year":2013,"count":6138,"avg_rating":4.387585532746823}
{"category":"Movies_and_TV","month":7,"year":2012,"count":1813,"avg_rating":4.225592939878654}
{"category":"Movies_and_TV","month":7,"year":2011,"count":1532,"avg_rating":4.150783289817232}
{"category":"Movies_and_TV","month":7,"year":2010,"count":1504,"avg_rating":4.049202127659575}
{"category":"Movies_and_TV","month":7,"year":2009,"count":1396,"avg_rating":4.048710601719198}
{"category":"Movies_and_TV","month":7,"year":2008,"count":1732,"avg_rating":4.092956120092379}
{"category":"Movies_and_TV","month":7,"year":2007,"count":2447,"avg_rating":4.169186759297099}
{"category":"Movies_and_TV","month":7,"year":2006,"count":2761,"avg_rating":3.8989496559217676}
{"category":"Movies_and_TV","month":7,"year":2005,"count":2961,"avg_rating":3.9490037149611616}
