{"category":"Movies_and_TV","month":6,"year":2003,"count":1781,"avg_rating":3.9797866367209433}
{"category":"Movies_and_TV","month":5,"year":2014,"count":5851,"avg_rating":4.367458554093317}
{"category":"Movies_and_TV","month":5,"year":2013,"count":6375,"avg_rating":4.426823529411765}
{"category":"Movies_and_TV","month":5,"year":2012,"count":1968,"avg_rating":4.097560975609756}
{"category":"Movies_and_TV","month":5,"year":2011,"count":1357,"avg_rating":4.0272660280029475}
{"category":"Movies_and_TV","month":5,"year":2010,"count":1457,"avg_rating":4.091969800960879}
{"category":"Movies_and_TV","month":5,"year":2009,"count":1663,"avg_rating":3.9975947083583883}
{"category":"Movies_and_TV","month":5,"year":2008,"count":2010,"avg_rating":4.039800995024875}
{"category":"Movies_and_TV","month":5,"year":2007,"count":2533,"avg_rating":4.1318594551914725}
{"category":"Movies_and_TV","month":5,"year":2006,"count":2595,"avg_rating":3.86242774566474}
{"category":"Movies_and_TV","month":5,"year":2005,"count":2939,"avg_rating":3.857434501531133}
{"category":"Movies_and_TV","month":5,"year":2004,"count":2282,"avg_rating":3.907099035933392}
