{"category":"Electronics","month":9,"year":2009,"count":2186,"avg_rating":4.263037511436414}
{"category":"Electronics","month":9,"year":2008,"count":1041,"avg_rating":4.164265129682997}
{"category":"Electronics","month":9,"year":2007,"count":680,"avg_rating":4.260294117647059}
{"category":"Electronics","month":9,"year":2006,"count":174,"avg_rating":4.068965517241379}
{"category":"Electronics","month":9,"year":2005,"count":178,"avg_rating":3.99438202247191}
{"category":"Electronics","month":9,"year":2004,"count":69,"avg_rating":3.753623188405797}
{"category":"Electronics","month":9,"year":2003,"count":37,"avg_rating":4.135135135135135}
{"category":"Electronics","month":8,"year":2013,"count":26773,"avg_rating":4.269525267993874}
{"category":"Electronics","month":8,"year":2012,"count":10615,"avg_rating":4.1585492227979275}
{"category":"Electronics","month":8,"year":2011,"count":7400,"avg_rating":4.120945945945946}
{"category":"Electronics","month":8,"year":2010,"count":3363,"avg_rating":4.143027059173357}
{"category":"Electronics","month":8,"year":2009,"count":1709,"avg_rating":4.146284376828555}
{"category":"Electronics","month":8,"year":2008,"count":1092,"avg_rating":4.251831501831502}
