{"category":"Baby","month":10,"year":2010,"count":416,"avg_rating":4.086538461538462}
{"category":"Baby","month":10,"year":2009,"count":159,"avg_rating":4.1257861635220126}
{"category":"Baby","month":10,"year":2008,"count":54,"avg_rating":4.2407407407407405}
{"category":"Baby","month":10,"year":2007,"count":41,"avg_rating":4.219512195121951}
{"category":"Baby","month":10,"year":2006,"count":12,"avg_rating":3.9166666666666665}
{"category":"Baby","month":10,"year":2005,"count":37,"avg_rating":4.135135135135135}
{"category":"Baby","month":10,"year":2004,"count":29,"avg_rating":4.172413793103448}
{"category":"Baby","month":10,"year":2003,"count":15,"avg_rating":4.0}
{"category":"Baby","month":9,"year":2013,"count":3280,"avg_rating":4.285060975609756}
{"category":"Baby","month":9,"year":2012,"count":1248,"avg_rating":4.079326923076923}
{"category":"Baby","month":9,"year":2011,"count":989,"avg_rating":4.162790697674419}
{"category":"Baby","month":9,"year":2010,"count":447,"avg_rating":4.089485458612975}
{"category":"Baby","month":9,"year":2009,"count":158,"avg_rating":4.265822784810126}
