{"category":"Movies_and_TV","month":12,"year":2011,"count":1833,"avg_rating":4.23404255319149}
{"category":"Movies_and_TV","month":12,"year":2010,"count":1455,"avg_rating":4.1676975945017185}
{"category":"Movies_and_TV","month":12,"year":2009,"count":1700,"avg_rating":4.171176470588235}
{"category":"Movies_and_TV","month":12,"year":2008,"count":1868,"avg_rating":4.019807280513919}
{"category":"Movies_and_TV","month":12,"year":2007,"count":2053,"avg_rating":4.081344374086703}
{"category":"Movies_and_TV","month":12,"year":2006,"count":2127,"avg_rating":3.9694405265632344}
{"category":"Movies_and_TV","month":12,"year":2005,"count":2907,"avg_rating":3.997936016511868}
{"category":"Movies_and_TV","month":12,"year":2004,"count":2663,"avg_rating":3.961321817499061}
{"category":"Movies_and_TV","month":12,"year":2003,"count":2198,"avg_rating":3.921747042766151}
{"category":"Movies_and_TV","month":11,"year":2013,"count":5694,"avg_rating":4.424481910783281}
{"category":"Movies_and_TV","month":11,"year":2012,"count":3627,"avg_rating":4.405293631100083}
{"category":"Movies_and_TV","month":11,"year":2011,"count":1474,"avg_rating":4.181818181818182}
{"category":"Movies_and_TV","month":11,"year":2010,"count":1360,"avg_rating":4.0375}
