{"category":"Digital_Music","month":10,"year":2011,"count":60,"avg_rating":4.533333333333333}
{"category":"Digital_Music","month":10,"year":2010,"count":40,"avg_rating":4.25}
{"category":"Digital_Music","month":10,"year":2009,"count":70,"avg_rating":4.514285714285714}
{"category":"Digital_Music","month":10,"year":2008,"count":38,"avg_rating":4.315789473684211}
{"category":"Digital_Music","month":10,"year":2007,"count":86,"avg_rating":4.162790697674419}
{"category":"Digital_Music","month":10,"year":2006,"count":192,"avg_rating":3.9479166666666665}
{"category":"Digital_Music","month":10,"year":2005,"count":322,"avg_rating":3.8944099378881987}
{"category":"Digital_Music","month":10,"year":2004,"count":176,"avg_rating":4.215909090909091}
{"category":"Digital_Music","month":10,"year":2003,"count":227,"avg_rating":4.149779735682819}
{"category":"Digital_Music","month":9,"year":2013,"count":72,"avg_rating":4.555555555555555}
{"category":"Digital_Music","month":9,"year":2012,"count":42,"avg_rating":4.095238095238095}
{"category":"Digital_Music","month":9,"year":2011,"count":23,"avg_rating":4.6521739130434785}
