{"category":"Grocery_and_Gourmet_Food","month":1,"year":2004,"count":1,"avg_rating":5.0}
{"category":"Electronics","month":12,"year":2013,"count":37887,"avg_rating":4.244542983081268}
{"category":"Electronics","month":12,"year":2012,"count":32728,"avg_rating":4.289385235883647}
{"category":"Electronics","month":12,"year":2011,"count":10549,"avg_rating":4.180396246089677}
{"category":"Electronics","month":12,"year":2010,"count":5440,"avg_rating":4.129779411764706}
{"category":"Electronics","month":12,"year":2009,"count":2566,"avg_rating":4.17692907248636}
{"category":"Electronics","month":12,"year":2008,"count":1737,"avg_rating":4.1387449625791595}
{"category":"Electronics","month":12,"year":2007,"count":989,"avg_rating":4.233569261880688}
{"category":"Electronics","month":12,"year":2006,"count":372,"avg_rating":4.053763440860215}
{"category":"Electronics","month":12,"year":2005,"count":191,"avg_rating":4.020942408376963}
{"category":"Electronics","month":12,"year":2004,"count":98,"avg_rating":3.5510204081632653}
{"category":"Electronics","month":12,"year":2003,"count":47,"avg_rating":4.1063829787234045}
{"category":"Electronics","month":11,"year":2013,"count":28986,"avg_rating":4.243048368177741}
