{"category":"Baby","month":7,"year":2006,"count":16,"avg_rating":4.125}
{"category":"Baby","month":7,"year":2005,"count":41,"avg_rating":3.951219512195122}
{"category":"Baby","month":7,"year":2004,"count":16,"avg_rating":3.6875}
{"category":"Baby","month":7,"year":2003,"count":15,"avg_rating":4.066666666666666}
{"category":"Baby","month":6,"year":2014,"count":3774,"avg_rating":4.231319554848967}
{"category":"Baby","month":6,"year":2013,"count":3480,"avg_rating":4.258620689655173}
{"category":"Baby","month":6,"year":2012,"count":1167,"avg_rating":4.191945158526136}
{"category":"Baby","month":6,"year":2011,"count":848,"avg_rating":4.148584905660377}
{"category":"Baby","month":6,"year":2010,"count":334,"avg_rating":4.167664670658683}
{"category":"Baby","month":6,"year":2009,"count":156,"avg_rating":3.967948717948718}
{"category":"Baby","month":6,"year":2008,"count":58,"avg_rating":4.344827586206897}
{"category":"Baby","month":6,"year":2007,"count":28,"avg_rating":4.107142857142857}
