{"category":"Movies_and_TV","month":1,"year":2013,"count":7030,"avg_rating":4.499431009957326}
{"category":"Movies_and_TV","month":1,"year":2012,"count":1814,"avg_rating":4.235391400220507}
{"category":"Movies_and_TV","month":1,"year":2011,"count":1600,"avg_rating":4.1175}
{"category":"Movies_and_TV","month":1,"year":2010,"count":2058,"avg_rating":4.1384839650145775}
{"category":"Movies_and_TV","month":1,"year":2009,"count":2118,"avg_rating":4.104815864022663}
{"category":"Movies_and_TV","month":1,"year":2008,"count":2110,"avg_rating":4.106635071090047}
{"category":"Movies_and_TV","month":1,"year":2007,"count":3765,"avg_rating":4.104116865869854}
{"category":"Movies_and_TV","month":1,"year":2006,"count":2968,"avg_rating":3.9713611859838274}
{"category":"Movies_and_TV","month":1,"year":2005,"count":3061,"avg_rating":3.860503103560928}
{"category":"Movies_and_TV","month":1,"year":2004,"count":2538,"avg_rating":3.8664302600472813}
{"category":"Movies_and_TV","month":1,"year":2003,"count":2299,"avg_rating":3.9830361026533274}
{"category":"Home_and_Kitchen","month":12,"year":2013,"count":18961,"avg_rating":4.36232266230684}
