{"category":"Toys_and_Games","month":11,"year":2011,"count":1075,"avg_rating":4.2158139534883725}
{"category":"Toys_and_Games","month":11,"year":2010,"count":546,"avg_rating":4.135531135531136}
{"category":"Toys_and_Games","month":11,"year":2009,"count":233,"avg_rating":4.278969957081545}
{"category":"Toys_and_Games","month":11,"year":2008,"count":199,"avg_rating":4.291457286432161}
{"category":"Toys_and_Games","month":11,"year":2007,"count":67,"avg_rating":4.17910447761194}
{"category":"Toys_and_Games","month":11,"year":2006,"count":52,"avg_rating":4.519230769230769}
{"category":"Toys_and_Games","month":11,"year":2005,"count":75,"avg_rating":4.253333333333333}
{"category":"Toys_and_Games","month":11,"year":2004,"count":32,"avg_rating":4.3125}
{"category":"Toys_and_Games","month":11,"year":2003,"count":18,"avg_rating":4.722222222222222}
{"category":"Toys_and_Games","month":10,"year":2013,"count":3968,"avg_rating":4.324092741935484}
{"category":"Toys_and_Games","month":10,"year":2012,"count":2203,"avg_rating":4.2260553790285975}
{"category":"Toys_and_Games","month":10,"year":2011,"count":1082,"avg_rating":4.170055452865065}
{"category":"Toys_and_Games","month":10,"year":2010,"count":403,"avg_rating":4.173697270471464}
