{"category":"Movies_and_TV","month":2,"year":2014,"count":7183,"avg_rating":4.378254211332313}
{"category":"Movies_and_TV","month":2,"year":2013,"count":6512,"avg_rating":4.412008599508599}
{"category":"Movies_and_TV","month":2,"year":2012,"count":1580,"avg_rating":4.20126582278481}
{"category":"Movies_and_TV","month":2,"year":2011,"count":1307,"avg_rating":4.1262433052792655}
{"category":"Movies_and_TV","month":2,"year":2010,"count":1662,"avg_rating":4.098676293622142}
{"category":"Movies_and_TV","month":2,"year":2009,"count":1683,"avg_rating":4.072489601901367}
{"category":"Movies_and_TV","month":2,"year":2008,"count":2130,"avg_rating":4.051173708920188}
{"category":"Movies_and_TV","month":2,"year":2007,"count":2509,"avg_rating":4.062973296133918}
{"category":"Movies_and_TV","month":2,"year":2006,"count":2885,"avg_rating":3.9795493934142114}
{"category":"Movies_and_TV","month":2,"year":2005,"count":2611,"avg_rating":3.8762926081960933}
{"category":"Movies_and_TV","month":2,"year":2004,"count":2280,"avg_rating":3.8425438596491226}
{"category":"Movies_and_TV","month":2,"year":2003,"count":1690,"avg_rating":4.033727810650888}
{"category":"Movies_and_TV","month":1,"year":2014,"count":8285,"avg_rating":4.408449004224502}
