{"category":"Movies_and_TV","month":7,"year":2004,"count":2559,"avg_rating":3.8370457209847597}
{"category":"Movies_and_TV","month":7,"year":2003,"count":2183,"avg_rating":4.014658726523133}
{"category":"Movies_and_TV","month":6,"year":2014,"count":6244,"avg_rating":4.382927610506086}
{"category":"Movies_and_TV","month":6,"year":2013,"count":5986,"avg_rating":4.394253257601069}
{"category":"Movies_and_TV","month":6,"year":2012,"count":1593,"avg_rating":4.101694915254237}
{"category":"Movies_and_TV","month":6,"year":2011,"count":1333,"avg_rating":4.094523630907727}
{"category":"Movies_and_TV","month":6,"year":2010,"count":1360,"avg_rating":4.041176470588235}
{"category":"Movies_and_TV","month":6,"year":2009,"count":1490,"avg_rating":4.088590604026845}
{"category":"Movies_and_TV","month":6,"year":2008,"count":1833,"avg_rating":4.075286415711948}
{"category":"Movies_and_TV","month":6,"year":2007,"count":2352,"avg_rating":4.129251700680272}
{"category":"Movies_and_TV","month":6,"year":2006,"count":2864,"avg_rating":3.9245810055865924}
{"category":"Movies_and_TV","month":6,"year":2005,"count":2817,"avg_rating":3.878239261625843}
{"category":"Movies_and_TV","month":6,"year":2004,"count":2451,"avg_rating":3.9290085679314566}
