{"category":"CDs_and_Vinyl","month":5,"year":2011,"count":430,"avg_rating":4.341860465116279}
{"category":"CDs_and_Vinyl","month":5,"year":2010,"count":466,"avg_rating":4.272532188841201}
{"category":"CDs_and_Vinyl","month":5,"year":2009,"count":518,"avg_rating":4.3108108108108105}
{"category":"CDs_and_Vinyl","month":5,"year":2008,"count":678,"avg_rating":4.325958702064897}
{"category":"CDs_and_Vinyl","month":5,"year":2007,"count":1108,"avg_rating":4.374548736462094}
{"category":"CDs_and_Vinyl","month":5,"year":2006,"count":1473,"avg_rating":4.211812627291242}
{"category":"CDs_and_Vinyl","month":5,"year":2005,"count":1820,"avg_rating":4.106593406593406}
{"category":"CDs_and_Vinyl","month":5,"year":2004,"count":1507,"avg_rating":4.212342402123424}
{"category":"CDs_and_Vinyl","month":5,"year":2003,"count":1023,"avg_rating":4.373411534701857}
{"category":"CDs_and_Vinyl","month":4,"year":2014,"count":1004,"avg_rating":4.567729083665339}
{"category":"CDs_and_Vinyl","month":4,"year":2013,"count":1272,"avg_rating":4.562106918238993}
{"category":"CDs_and_Vinyl","month":4,"year":2012,"count":491,"avg_rating":4.413441955193482}
