{"category":"Home_and_Kitchen","month":12,"year":2012,"count":13535,"avg_rating":4.389878093830809}
{"category":"Home_and_Kitchen","month":12,"year":2011,"count":4312,"avg_rating":4.263218923933209}
{"category":"Home_and_Kitchen","month":12,"year":2010,"count":2131,"avg_rating":4.176912247771}
{"category":"Home_and_Kitchen","month":12,"year":2009,"count":1237,"avg_rating":4.248181083265966}
{"category":"Home_and_Kitchen","month":12,"year":2008,"count":842,"avg_rating":4.275534441805226}
{"category":"Home_and_Kitchen","month":12,"year":2007,"count":645,"avg_rating":4.2589147286821705}
{"category":"Home_and_Kitchen","month":12,"year":2006,"count":247,"avg_rating":4.174089068825911}
{"category":"Home_and_Kitchen","month":12,"year":2005,"count":136,"avg_rating":3.926470588235294}
{"category":"Home_and_Kitchen","month":12,"year":2004,"count":68,"avg_rating":4.176470588235294}
{"category":"Home_and_Kitchen","month":12,"year":2003,"count":48,"avg_rating":4.375}
{"category":"Home_and_Kitchen","month":11,"year":2013,"count":14180,"avg_rating":4.346403385049365}
{"category":"Home_and_Kitchen","month":11,"year":2012,"count":7268,"avg_rating":4.308062740781508}
{"category":"Home_and_Kitchen","month":11,"year":2011,"count":3269,"avg_rating":4.254206179259713}
