{"category":"Baby","month":8,"year":2007,"count":43,"avg_rating":3.9302325581395348}
{"category":"Baby","month":8,"year":2006,"count":14,"avg_rating":4.428571428571429}
{"category":"Baby","month":8,"year":2005,"count":54,"avg_rating":4.2592592592592595}
{"category":"Baby","month":8,"year":2004,"count":34,"avg_rating":3.911764705882353}
{"category":"Baby","month":8,"year":2003,"count":8,"avg_rating":4.375}
{"category":"Baby","month":7,"year":2014,"count":2466,"avg_rating":4.2368207623682075}
{"category":"Baby","month":7,"year":2013,"count":3560,"avg_rating":4.248033707865169}
{"category":"Baby","month":7,"year":2012,"count":1205,"avg_rating":4.039834024896265}
{"category":"Baby","month":7,"year":2011,"count":951,"avg_rating":4.14931650893796}
{"category":"Baby","month":7,"year":2010,"count":399,"avg_rating":4.075187969924812}
{"category":"Baby","month":7,"year":2009,"count":120,"avg_rating":4.066666666666666}
{"category":"Baby","month":7,"year":2008,"count":60,"avg_rating":4.266666666666667}
{"category":"Baby","month":7,"year":2007,"count":35,"avg_rating":4.228571428571429}
