{"category":"Home_and_Kitchen","month":11,"year":2010,"count":1634,"avg_rating":4.188494492044064}
{"category":"Home_and_Kitchen","month":11,"year":2009,"count":1012,"avg_rating":4.240118577075099}
{"category":"Home_and_Kitchen","month":11,"year":2008,"count":597,"avg_rating":4.309882747068677}
{"category":"Home_and_Kitchen","month":11,"year":2007,"count":433,"avg_rating":4.189376443418014}
{"category":"Home_and_Kitchen","month":11,"year":2006,"count":238,"avg_rating":4.2899159663865545}
{"category":"Home_and_Kitchen","month":11,"year":2005,"count":113,"avg_rating":4.212389380530974}
{"category":"Home_and_Kitchen","month":11,"year":2004,"count":57,"avg_rating":4.12280701754386}
{"category":"Home_and_Kitchen","month":11,"year":2003,"count":61,"avg_rating":4.163934426229508}
{"category":"Home_and_Kitchen","month":10,"year":2013,"count":11578,"avg_rating":4.347901191915702}
{"category":"Home_and_Kitchen","month":10,"year":2012,"count":4756,"avg_rating":4.259882253994954}
{"category":"Home_and_Kitchen","month":10,"year":2011,"count":3031,"avg_rating":4.266248762784559}
{"category":"Home_and_Kitchen","month":10,"year":2010,"count":1565,"avg_rating":4.231309904153354}
{"category":"Home_and_Kitchen","month":10,"year":2009,"count":890,"avg_rating":4.187640449438202}
