{"category":"Electronics","month":11,"year":2012,"count":16922,"avg_rating":4.222136863254934}
{"category":"Electronics","month":11,"year":2011,"count":8453,"avg_rating":4.155329468827635}
{"category":"Electronics","month":11,"year":2010,"count":4334,"avg_rating":4.138670973696354}
{"category":"Electronics","month":11,"year":2009,"count":2133,"avg_rating":4.188935771214252}
{"category":"Electronics","month":11,"year":2008,"count":1316,"avg_rating":4.227203647416413}
{"category":"Electronics","month":11,"year":2007,"count":769,"avg_rating":4.200260078023407}
{"category":"Electronics","month":11,"year":2006,"count":395,"avg_rating":4.250632911392405}
{"category":"Electronics","month":11,"year":2005,"count":130,"avg_rating":4.023076923076923}
{"category":"Electronics","month":11,"year":2004,"count":77,"avg_rating":4.025974025974026}
{"category":"Electronics","month":11,"year":2003,"count":56,"avg_rating":4.053571428571429}
{"category":"Electronics","month":10,"year":2013,"count":25658,"avg_rating":4.267674799282875}
{"category":"Electronics","month":10,"year":2012,"count":11213,"avg_rating":4.174618746098279}
{"category":"Electronics","month":10,"year":2011,"count":7776,"avg_rating":4.1752829218107}
