{"category":"Beauty","month":8,"year":2013,"count":5796,"avg_rating":4.1771911663216015}
{"category":"Beauty","month":8,"year":2012,"count":2616,"avg_rating":4.2182721712538225}
{"category":"Beauty","month":8,"year":2011,"count":1005,"avg_rating":4.137313432835821}
{"category":"Beauty","month":8,"year":2010,"count":368,"avg_rating":3.994565217391304}
{"category":"Beauty","month":8,"year":2009,"count":128,"avg_rating":4.171875}
{"category":"Beauty","month":8,"year":2008,"count":124,"avg_rating":4.048387096774194}
{"category":"Beauty","month":8,"year":2007,"count":22,"avg_rating":4.318181818181818}
{"category":"Beauty","month":8,"year":2006,"count":7,"avg_rating":4.857142857142857}
{"category":"Beauty","month":8,"year":2005,"count":7,"avg_rating":4.428571428571429}
{"category":"Beauty","month":8,"year":2004,"count":6,"avg_rating":4.166666666666667}
{"category":"Beauty","month":7,"year":2014,"count":3681,"avg_rating":4.169519152404238}
{"category":"Beauty","month":7,"year":2013,"count":5556,"avg_rating":4.191144708423326}
{"category":"Beauty","month":7,"year":2012,"count":2297,"avg_rating":4.084893339138006}
