{"category":"Home_and_Kitchen","month":8,"year":2005,"count":109,"avg_rating":4.275229357798165}
{"category":"Home_and_Kitchen","month":8,"year":2004,"count":51,"avg_rating":4.588235294117647}
{"category":"Home_and_Kitchen","month":8,"year":2003,"count":55,"avg_rating":4.545454545454546}
{"category":"Home_and_Kitchen","month":7,"year":2014,"count":8087,"avg_rating":4.385804377395821}
{"category":"Home_and_Kitchen","month":7,"year":2013,"count":11125,"avg_rating":4.370067415730337}
{"category":"Home_and_Kitchen","month":7,"year":2012,"count":3968,"avg_rating":4.248235887096774}
{"category":"Home_and_Kitchen","month":7,"year":2011,"count":2434,"avg_rating":4.228841413311422}
{"category":"Home_and_Kitchen","month":7,"year":2010,"count":1264,"avg_rating":4.195411392405063}
{"category":"Home_and_Kitchen","month":7,"year":2009,"count":638,"avg_rating":4.167711598746082}
{"category":"Home_and_Kitchen","month":7,"year":2008,"count":598,"avg_rating":4.230769230769231}
{"category":"Home_and_Kitchen","month":7,"year":2007,"count":331,"avg_rating":4.277945619335347}
{"category":"Home_and_Kitchen","month":7,"year":2006,"count":173,"avg_rating":4.456647398843931}
