{"category":"CDs_and_Vinyl","month":2,"year":2010,"count":455,"avg_rating":4.298901098901099}
{"category":"CDs_and_Vinyl","month":2,"year":2009,"count":551,"avg_rating":4.4083484573502725}
{"category":"CDs_and_Vinyl","month":2,"year":2008,"count":740,"avg_rating":4.402702702702703}
{"category":"CDs_and_Vinyl","month":2,"year":2007,"count":1058,"avg_rating":4.344045368620038}
{"category":"CDs_and_Vinyl","month":2,"year":2006,"count":1641,"avg_rating":4.237659963436928}
{"category":"CDs_and_Vinyl","month":2,"year":2005,"count":1707,"avg_rating":4.173989455184534}
{"category":"CDs_and_Vinyl","month":2,"year":2004,"count":1456,"avg_rating":4.28228021978022}
{"category":"CDs_and_Vinyl","month":2,"year":2003,"count":1010,"avg_rating":4.287128712871287}
{"category":"CDs_and_Vinyl","month":1,"year":2014,"count":1290,"avg_rating":4.562015503875969}
{"category":"CDs_and_Vinyl","month":1,"year":2013,"count":1457,"avg_rating":4.612903225806452}
{"category":"CDs_and_Vinyl","month":1,"year":2012,"count":627,"avg_rating":4.4896331738437}
{"category":"CDs_and_Vinyl","month":1,"year":2011,"count":520,"avg_rating":4.403846153846154}
{"category":"CDs_and_Vinyl","month":1,"year":2010,"count":464,"avg_rating":4.370689655172414}
