{"category":"CDs_and_Vinyl","month":6,"year":2012,"count":494,"avg_rating":4.334008097165992}
{"category":"CDs_and_Vinyl","month":6,"year":2011,"count":399,"avg_rating":4.43609022556391}
{"category":"CDs_and_Vinyl","month":6,"year":2010,"count":443,"avg_rating":4.395033860045147}
{"category":"CDs_and_Vinyl","month":6,"year":2009,"count":515,"avg_rating":4.281553398058253}
{"category":"CDs_and_Vinyl","month":6,"year":2008,"count":594,"avg_rating":4.358585858585859}
{"category":"CDs_and_Vinyl","month":6,"year":2007,"count":884,"avg_rating":4.377828054298643}
{"category":"CDs_and_Vinyl","month":6,"year":2006,"count":1473,"avg_rating":4.210454854039376}
{"category":"CDs_and_Vinyl","month":6,"year":2005,"count":1891,"avg_rating":4.178741406663141}
{"category":"CDs_and_Vinyl","month":6,"year":2004,"count":1556,"avg_rating":4.201799485861183}
{"category":"CDs_and_Vinyl","month":6,"year":2003,"count":1191,"avg_rating":4.30478589420655}
{"category":"CDs_and_Vinyl","month":5,"year":2014,"count":1042,"avg_rating":4.564299424184261}
{"category":"CDs_and_Vinyl","month":5,"year":2013,"count":1175,"avg_rating":4.5676595744680855}
{"category":"CDs_and_Vinyl","month":5,"year":2012,"count":519,"avg_rating":4.4238921001926785}
