{"category":"Home_and_Kitchen","month":4,"year":2003,"count":45,"avg_rating":4.222222222222222}
{"category":"Home_and_Kitchen","month":3,"year":2014,"count":15364,"avg_rating":4.3829080968497784}
{"category":"Home_and_Kitchen","month":3,"year":2013,"count":12058,"avg_rating":4.36631282136341}
{"category":"Home_and_Kitchen","month":3,"year":2012,"count":3425,"avg_rating":4.21956204379562}
{"category":"Home_and_Kitchen","month":3,"year":2011,"count":2167,"avg_rating":4.22381172127365}
{"category":"Home_and_Kitchen","month":3,"year":2010,"count":1143,"avg_rating":4.163604549431321}
{"category":"Home_and_Kitchen","month":3,"year":2009,"count":756,"avg_rating":4.291005291005291}
{"category":"Home_and_Kitchen","month":3,"year":2008,"count":489,"avg_rating":4.229038854805726}
{"category":"Home_and_Kitchen","month":3,"year":2007,"count":437,"avg_rating":4.254004576659039}
{"category":"Home_and_Kitchen","month":3,"year":2006,"count":172,"avg_rating":4.3604651162790695}
{"category":"Home_and_Kitchen","month":3,"year":2005,"count":87,"avg_rating":4.241379310344827}
{"category":"Home_and_Kitchen","month":3,"year":2004,"count":31,"avg_rating":4.387096774193548}
