{"category":"Baby","month":3,"year":2004,"count":17,"avg_rating":4.176470588235294}
{"category":"Baby","month":3,"year":2003,"count":9,"avg_rating":4.666666666666667}
{"category":"Baby","month":2,"year":2014,"count":3706,"avg_rating":4.197517539125742}
{"category":"Baby","month":2,"year":2013,"count":3353,"avg_rating":4.263048016701461}
{"category":"Baby","month":2,"year":2012,"count":1188,"avg_rating":4.134680134680135}
{"category":"Baby","month":2,"year":2011,"count":690,"avg_rating":4.155072463768116}
{"category":"Baby","month":2,"year":2010,"count":222,"avg_rating":4.198198198198198}
{"category":"Baby","month":2,"year":2009,"count":86,"avg_rating":4.023255813953488}
{"category":"Baby","month":2,"year":2008,"count":47,"avg_rating":4.0}
{"category":"Baby","month":2,"year":2007,"count":21,"avg_rating":4.095238095238095}
{"category":"Baby","month":2,"year":2006,"count":55,"avg_rating":3.9272727272727272}
{"category":"Baby","month":2,"year":2005,"count":37,"avg_rating":4.27027027027027}
{"category":"Baby","month":2,"year":2004,"count":9,"avg_rating":4.111111111111111}
