{"category":"CDs_and_Vinyl","month":3,"year":2010,"count":477,"avg_rating":4.335429769392033}
{"category":"CDs_and_Vinyl","month":3,"year":2009,"count":552,"avg_rating":4.34963768115942}
{"category":"CDs_and_Vinyl","month":3,"year":2008,"count":703,"avg_rating":4.445234708392603}
{"category":"CDs_and_Vinyl","month":3,"year":2007,"count":1239,"avg_rating":4.329297820823244}
{"category":"CDs_and_Vinyl","month":3,"year":2006,"count":1704,"avg_rating":4.157863849765258}
{"category":"CDs_and_Vinyl","month":3,"year":2005,"count":2339,"avg_rating":4.009405728943993}
{"category":"CDs_and_Vinyl","month":3,"year":2004,"count":1496,"avg_rating":4.225267379679145}
{"category":"CDs_and_Vinyl","month":3,"year":2003,"count":1108,"avg_rating":4.296931407942238}
{"category":"CDs_and_Vinyl","month":2,"year":2014,"count":1167,"avg_rating":4.62382176520994}
{"category":"CDs_and_Vinyl","month":2,"year":2013,"count":1216,"avg_rating":4.581414473684211}
{"category":"CDs_and_Vinyl","month":2,"year":2012,"count":494,"avg_rating":4.421052631578948}
{"category":"CDs_and_Vinyl","month":2,"year":2011,"count":430,"avg_rating":4.2953488372093025}
