{"category":"Movies_and_TV","month":10,"year":2008,"count":1887,"avg_rating":4.090620031796503}
{"category":"Movies_and_TV","month":10,"year":2007,"count":1965,"avg_rating":4.119592875318066}
{"category":"Movies_and_TV","month":10,"year":2006,"count":2090,"avg_rating":3.9688995215311005}
{"category":"Movies_and_TV","month":10,"year":2005,"count":2966,"avg_rating":3.9275118004045853}
{"category":"Movies_and_TV","month":10,"year":2004,"count":2490,"avg_rating":3.968273092369478}
{"category":"Movies_and_TV","month":10,"year":2003,"count":2205,"avg_rating":3.857142857142857}
{"category":"Movies_and_TV","month":9,"year":2013,"count":5403,"avg_rating":4.384786229872293}
{"category":"Movies_and_TV","month":9,"year":2012,"count":2186,"avg_rating":4.236962488563586}
{"category":"Movies_and_TV","month":9,"year":2011,"count":1616,"avg_rating":4.194925742574258}
{"category":"Movies_and_TV","month":9,"year":2010,"count":1508,"avg_rating":4.11604774535809}
{"category":"Movies_and_TV","month":9,"year":2009,"count":1610,"avg_rating":4.1670807453416145}
{"category":"Movies_and_TV","month":9,"year":2008,"count":1852,"avg_rating":4.046976241900648}
{"category":"Movies_and_TV","month":9,"year":2007,"count":2083,"avg_rating":4.087373979836774}
