{"category":"Beauty","month":7,"year":2011,"count":835,"avg_rating":4.08502994011976}
{"category":"Beauty","month":7,"year":2010,"count":341,"avg_rating":4.158357771260997}
{"category":"Beauty","month":7,"year":2009,"count":157,"avg_rating":3.949044585987261}
{"category":"Beauty","month":7,"year":2008,"count":152,"avg_rating":4.118421052631579}
{"category":"Beauty","month":7,"year":2007,"count":45,"avg_rating":4.088888888888889}
{"category":"Beauty","month":7,"year":2006,"count":24,"avg_rating":4.25}
{"category":"Beauty","month":7,"year":2005,"count":13,"avg_rating":4.461538461538462}
{"category":"Beauty","month":7,"year":2004,"count":3,"avg_rating":5.0}
{"category":"Beauty","month":6,"year":2014,"count":5441,"avg_rating":4.1532806469399}
{"category":"Beauty","month":6,"year":2013,"count":5474,"avg_rating":4.182133723054439}
{"category":"Beauty","month":6,"year":2012,"count":2118,"avg_rating":4.096317280453258}
{"category":"Beauty","month":6,"year":2011,"count":798,"avg_rating":4.18546365914787}
