{"category":"Electronics","month":7,"year":2007,"count":674,"avg_rating":4.256676557863502}
{"category":"Electronics","month":7,"year":2006,"count":298,"avg_rating":4.208053691275167}
{"category":"Electronics","month":7,"year":2005,"count":135,"avg_rating":4.029629629629629}
{"category":"Electronics","month":7,"year":2004,"count":53,"avg_rating":3.6226415094339623}
{"category":"Electronics","month":7,"year":2003,"count":38,"avg_rating":4.2894736842105265}
{"category":"Electronics","month":6,"year":2014,"count":26255,"avg_rating":4.265016187392877}
{"category":"Electronics","month":6,"year":2013,"count":24353,"avg_rating":4.270315772184125}
{"category":"Electronics","month":6,"year":2012,"count":9469,"avg_rating":4.1481677051430985}
{"category":"Electronics","month":6,"year":2011,"count":5977,"avg_rating":4.162288773632257}
{"category":"Electronics","month":6,"year":2010,"count":2899,"avg_rating":4.152121421179717}
{"category":"Electronics","month":6,"year":2009,"count":1837,"avg_rating":4.221556886227545}
{"category":"Electronics","month":6,"year":2008,"count":1114,"avg_rating":4.26032315978456}
{"category":"Electronics","month":6,"year":2007,"count":592,"avg_rating":4.224662162162162}
