{"category":"Home_and_Kitchen","month":10,"year":2008,"count":542,"avg_rating":4.324723247232472}
{"category":"Home_and_Kitchen","month":10,"year":2007,"count":347,"avg_rating":4.250720461095101}
{"category":"Home_and_Kitchen","month":10,"year":2006,"count":145,"avg_rating":4.137931034482759}
{"category":"Home_and_Kitchen","month":10,"year":2005,"count":118,"avg_rating":4.330508474576271}
{"category":"Home_and_Kitchen","month":10,"year":2004,"count":43,"avg_rating":4.372093023255814}
{"category":"Home_and_Kitchen","month":10,"year":2003,"count":44,"avg_rating":4.181818181818182}
{"category":"Home_and_Kitchen","month":9,"year":2013,"count":9777,"avg_rating":4.334253861102588}
{"category":"Home_and_Kitchen","month":9,"year":2012,"count":4169,"avg_rating":4.238426481170545}
{"category":"Home_and_Kitchen","month":9,"year":2011,"count":3007,"avg_rating":4.23445294313269}
{"category":"Home_and_Kitchen","month":9,"year":2010,"count":1512,"avg_rating":4.242724867724868}
{"category":"Home_and_Kitchen","month":9,"year":2009,"count":875,"avg_rating":4.3108571428571425}
{"category":"Home_and_Kitchen","month":9,"year":2008,"count":529,"avg_rating":4.241965973534971}
