{"category":"Digital_Music","month":2,"year":2005,"count":245,"avg_rating":4.1755102040816325}
{"category":"Digital_Music","month":2,"year":2004,"count":149,"avg_rating":4.154362416107382}
{"category":"Digital_Music","month":2,"year":2003,"count":123,"avg_rating":4.138211382113822}
{"category":"Digital_Music","month":1,"year":2014,"count":94,"avg_rating":4.595744680851064}
{"category":"Digital_Music","month":1,"year":2013,"count":68,"avg_rating":4.176470588235294}
{"category":"Digital_Music","month":1,"year":2012,"count":54,"avg_rating":4.518518518518518}
{"category":"Digital_Music","month":1,"year":2011,"count":54,"avg_rating":4.555555555555555}
{"category":"Digital_Music","month":1,"year":2010,"count":36,"avg_rating":3.9444444444444446}
{"category":"Digital_Music","month":1,"year":2009,"count":63,"avg_rating":4.412698412698413}
{"category":"Digital_Music","month":1,"year":2008,"count":78,"avg_rating":4.153846153846154}
{"category":"Digital_Music","month":1,"year":2007,"count":148,"avg_rating":4.243243243243243}
{"category":"Digital_Music","month":1,"year":2006,"count":271,"avg_rating":4.070110701107011}
{"category":"Digital_Music","month":1,"year":2005,"count":226,"avg_rating":3.911504424778761}
