{"category":"Movies_and_TV","month":9,"year":2006,"count":2126,"avg_rating":3.874882408278457}
{"category":"Movies_and_TV","month":9,"year":2005,"count":2986,"avg_rating":3.967515070328198}
{"category":"Movies_and_TV","month":9,"year":2004,"count":2255,"avg_rating":3.950332594235033}
{"category":"Movies_and_TV","month":9,"year":2003,"count":1749,"avg_rating":3.9662664379645514}
{"category":"Movies_and_TV","month":8,"year":2013,"count":6364,"avg_rating":4.38874921433061}
{"category":"Movies_and_TV","month":8,"year":2012,"count":1713,"avg_rating":4.1552831290134264}
{"category":"Movies_and_TV","month":8,"year":2011,"count":1490,"avg_rating":4.148993288590604}
{"category":"Movies_and_TV","month":8,"year":2010,"count":1378,"avg_rating":4.116835994194485}
{"category":"Movies_and_TV","month":8,"year":2009,"count":1312,"avg_rating":4.069359756097561}
{"category":"Movies_and_TV","month":8,"year":2008,"count":1817,"avg_rating":4.056136488717667}
{"category":"Movies_and_TV","month":8,"year":2007,"count":2419,"avg_rating":4.100454733360893}
{"category":"Movies_and_TV","month":8,"year":2006,"count":2696,"avg_rating":3.9410237388724036}
{"category":"Movies_and_TV","month":8,"year":2005,"count":3212,"avg_rating":3.9318181818181817}
