{"category":"Electronics","month":8,"year":2007,"count":670,"avg_rating":4.214925373134329}
{"category":"Electronics","month":8,"year":2006,"count":310,"avg_rating":4.209677419354839}
{"category":"Electronics","month":8,"year":2005,"count":175,"avg_rating":3.8}
{"category":"Electronics","month":8,"year":2004,"count":44,"avg_rating":3.6136363636363638}
{"category":"Electronics","month":8,"year":2003,"count":46,"avg_rating":3.9782608695652173}
{"category":"Electronics","month":7,"year":2014,"count":18686,"avg_rating":4.300438831210532}
{"category":"Electronics","month":7,"year":2013,"count":26013,"avg_rating":4.278668358128628}
{"category":"Electronics","month":7,"year":2012,"count":10709,"avg_rating":4.166308712298067}
{"category":"Electronics","month":7,"year":2011,"count":6450,"avg_rating":4.134883720930232}
{"category":"Electronics","month":7,"year":2010,"count":3294,"avg_rating":4.180631451123254}
{"category":"Electronics","month":7,"year":2009,"count":1489,"avg_rating":4.141705842847549}
{"category":"Electronics","month":7,"year":2008,"count":1088,"avg_rating":4.287683823529412}
