{"category":"Electronics","month":3,"year":2005,"count":122,"avg_rating":3.9918032786885247}
{"category":"Electronics","month":3,"year":2004,"count":58,"avg_rating":4.103448275862069}
{"category":"Electronics","month":3,"year":2003,"count":41,"avg_rating":4.341463414634147}
{"category":"Electronics","month":2,"year":2014,"count":30579,"avg_rating":4.272867000228915}
{"category":"Electronics","month":2,"year":2013,"count":27535,"avg_rating":4.318830579262756}
{"category":"Electronics","month":2,"year":2012,"count":9497,"avg_rating":4.1963778035169}
{"category":"Electronics","month":2,"year":2011,"count":4999,"avg_rating":4.1622324464892975}
{"category":"Electronics","month":2,"year":2010,"count":2702,"avg_rating":4.22279792746114}
{"category":"Electronics","month":2,"year":2009,"count":1757,"avg_rating":4.281730221969266}
{"category":"Electronics","month":2,"year":2008,"count":1012,"avg_rating":4.242094861660079}
{"category":"Electronics","month":2,"year":2007,"count":566,"avg_rating":4.215547703180212}
{"category":"Electronics","month":2,"year":2006,"count":233,"avg_rating":4.124463519313305}
{"category":"Electronics","month":2,"year":2005,"count":87,"avg_rating":4.126436781609195}
