{"category":"Baby","month":9,"year":2008,"count":58,"avg_rating":4.275862068965517}
{"category":"Baby","month":9,"year":2007,"count":36,"avg_rating":4.0}
{"category":"Baby","month":9,"year":2006,"count":15,"avg_rating":4.333333333333333}
{"category":"Baby","month":9,"year":2005,"count":49,"avg_rating":4.1020408163265305}
{"category":"Baby","month":9,"year":2004,"count":27,"avg_rating":3.814814814814815}
{"category":"Baby","month":9,"year":2003,"count":3,"avg_rating":4.666666666666667}
{"category":"Baby","month":8,"year":2013,"count":3790,"avg_rating":4.258839050131926}
{"category":"Baby","month":8,"year":2012,"count":1370,"avg_rating":4.130656934306569}
{"category":"Baby","month":8,"year":2011,"count":1116,"avg_rating":4.136200716845878}
{"category":"Baby","month":8,"year":2010,"count":426,"avg_rating":4.122065727699531}
{"category":"Baby","month":8,"year":2009,"count":139,"avg_rating":4.0503597122302155}
{"category":"Baby","month":8,"year":2008,"count":58,"avg_rating":3.9827586206896552}
