{"category":"Baby","month":5,"year":2005,"count":58,"avg_rating":4.155172413793103}
{"category":"Baby","month":5,"year":2004,"count":14,"avg_rating":3.5714285714285716}
{"category":"Baby","month":5,"year":2003,"count":3,"avg_rating":4.333333333333333}
{"category":"Baby","month":4,"year":2014,"count":3846,"avg_rating":4.247269890795632}
{"category":"Baby","month":4,"year":2013,"count":3538,"avg_rating":4.239683436970039}
{"category":"Baby","month":4,"year":2012,"count":1219,"avg_rating":4.111566858080394}
{"category":"Baby","month":4,"year":2011,"count":799,"avg_rating":4.121401752190238}
{"category":"Baby","month":4,"year":2010,"count":209,"avg_rating":4.133971291866029}
{"category":"Baby","month":4,"year":2009,"count":116,"avg_rating":4.137931034482759}
{"category":"Baby","month":4,"year":2008,"count":63,"avg_rating":4.111111111111111}
{"category":"Baby","month":4,"year":2007,"count":17,"avg_rating":4.0}
{"category":"Baby","month":4,"year":2006,"count":52,"avg_rating":4.173076923076923}
