{"category":"Pet_Supplies","month":11,"year":2008,"count":129,"avg_rating":4.077519379844961}
{"category":"Pet_Supplies","month":11,"year":2007,"count":62,"avg_rating":4.258064516129032}
{"category":"Pet_Supplies","month":11,"year":2006,"count":17,"avg_rating":3.8823529411764706}
{"category":"Pet_Supplies","month":11,"year":2005,"count":9,"avg_rating":3.7777777777777777}
{"category":"Pet_Supplies","month":11,"year":2004,"count":2,"avg_rating":3.5}
{"category":"Pet_Supplies","month":10,"year":2013,"count":4676,"avg_rating":4.241017964071856}
{"category":"Pet_Supplies","month":10,"year":2012,"count":1547,"avg_rating":4.168713639301875}
{"category":"Pet_Supplies","month":10,"year":2011,"count":931,"avg_rating":4.134264232008593}
{"category":"Pet_Supplies","month":10,"year":2010,"count":382,"avg_rating":4.146596858638744}
{"category":"Pet_Supplies","month":10,"year":2009,"count":167,"avg_rating":4.161676646706587}
{"category":"Pet_Supplies","month":10,"year":2008,"count":98,"avg_rating":4.040816326530612}
{"category":"Pet_Supplies","month":10,"year":2007,"count":46,"avg_rating":4.043478260869565}
