{"category":"CDs_and_Vinyl","month":7,"year":2012,"count":529,"avg_rating":4.468809073724008}
{"category":"CDs_and_Vinyl","month":7,"year":2011,"count":460,"avg_rating":4.4021739130434785}
{"category":"CDs_and_Vinyl","month":7,"year":2010,"count":497,"avg_rating":4.3420523138833}
{"category":"CDs_and_Vinyl","month":7,"year":2009,"count":534,"avg_rating":4.308988764044944}
{"category":"CDs_and_Vinyl","month":7,"year":2008,"count":618,"avg_rating":4.372168284789644}
{"category":"CDs_and_Vinyl","month":7,"year":2007,"count":967,"avg_rating":4.417786970010341}
{"category":"CDs_and_Vinyl","month":7,"year":2006,"count":1482,"avg_rating":4.143049932523617}
{"category":"CDs_and_Vinyl","month":7,"year":2005,"count":1959,"avg_rating":4.124553343542623}
{"category":"CDs_and_Vinyl","month":7,"year":2004,"count":1540,"avg_rating":4.197402597402597}
{"category":"CDs_and_Vinyl","month":7,"year":2003,"count":1294,"avg_rating":4.3454404945904175}
{"category":"CDs_and_Vinyl","month":6,"year":2014,"count":1108,"avg_rating":4.566787003610108}
{"category":"CDs_and_Vinyl","month":6,"year":2013,"count":1039,"avg_rating":4.521655437921078}
