{"category":"CDs_and_Vinyl","month":11,"year":2005,"count":2222,"avg_rating":4.241224122412241}
{"category":"CDs_and_Vinyl","month":11,"year":2004,"count":1716,"avg_rating":4.194638694638694}
{"category":"CDs_and_Vinyl","month":11,"year":2003,"count":1536,"avg_rating":4.163411458333333}
{"category":"CDs_and_Vinyl","month":10,"year":2013,"count":1035,"avg_rating":4.61256038647343}
{"category":"CDs_and_Vinyl","month":10,"year":2012,"count":587,"avg_rating":4.529812606473595}
{"category":"CDs_and_Vinyl","month":10,"year":2011,"count":492,"avg_rating":4.4105691056910565}
{"category":"CDs_and_Vinyl","month":10,"year":2010,"count":425,"avg_rating":4.402352941176471}
{"category":"CDs_and_Vinyl","month":10,"year":2009,"count":540,"avg_rating":4.433333333333334}
{"category":"CDs_and_Vinyl","month":10,"year":2008,"count":490,"avg_rating":4.436734693877551}
{"category":"CDs_and_Vinyl","month":10,"year":2007,"count":746,"avg_rating":4.227882037533512}
{"category":"CDs_and_Vinyl","month":10,"year":2006,"count":1089,"avg_rating":4.135904499540863}
{"category":"CDs_and_Vinyl","month":10,"year":2005,"count":2222,"avg_rating":4.146264626462647}
{"category":"CDs_and_Vinyl","month":10,"year":2004,"count":1558,"avg_rating":4.2432605905006415}
