{"category":"CDs_and_Vinyl","month":1,"year":2009,"count":641,"avg_rating":4.386895475819033}
{"category":"CDs_and_Vinyl","month":1,"year":2008,"count":795,"avg_rating":4.251572327044025}
{"category":"CDs_and_Vinyl","month":1,"year":2007,"count":1526,"avg_rating":4.346002621231979}
{"category":"CDs_and_Vinyl","month":1,"year":2006,"count":1964,"avg_rating":4.173116089613035}
{"category":"CDs_and_Vinyl","month":1,"year":2005,"count":1816,"avg_rating":4.138215859030837}
{"category":"CDs_and_Vinyl","month":1,"year":2004,"count":1482,"avg_rating":4.291497975708502}
{"category":"CDs_and_Vinyl","month":1,"year":2003,"count":1183,"avg_rating":4.322062552831784}
{"category":"Beauty","month":12,"year":2013,"count":6473,"avg_rating":4.162366754209795}
{"category":"Beauty","month":12,"year":2012,"count":4635,"avg_rating":4.228478964401295}
{"category":"Beauty","month":12,"year":2011,"count":1341,"avg_rating":4.16331096196868}
{"category":"Beauty","month":12,"year":2010,"count":456,"avg_rating":4.050438596491228}
{"category":"Beauty","month":12,"year":2009,"count":131,"avg_rating":4.259541984732825}
{"category":"Beauty","month":12,"year":2008,"count":128,"avg_rating":4.421875}
