{"category":"CDs_and_Vinyl","month":4,"year":2011,"count":490,"avg_rating":4.2877551020408164}
{"category":"CDs_and_Vinyl","month":4,"year":2010,"count":483,"avg_rating":4.3229813664596275}
{"category":"CDs_and_Vinyl","month":4,"year":2009,"count":517,"avg_rating":4.367504835589942}
{"category":"CDs_and_Vinyl","month":4,"year":2008,"count":727,"avg_rating":4.3975240715268225}
{"category":"CDs_and_Vinyl","month":4,"year":2007,"count":945,"avg_rating":4.325925925925926}
{"category":"CDs_and_Vinyl","month":4,"year":2006,"count":1517,"avg_rating":4.234014502307185}
{"category":"CDs_and_Vinyl","month":4,"year":2005,"count":1796,"avg_rating":4.2071269487750556}
{"category":"CDs_and_Vinyl","month":4,"year":2004,"count":1568,"avg_rating":4.189413265306122}
{"category":"CDs_and_Vinyl","month":4,"year":2003,"count":1167,"avg_rating":4.299914310197087}
{"category":"CDs_and_Vinyl","month":3,"year":2014,"count":1183,"avg_rating":4.61876584953508}
{"category":"CDs_and_Vinyl","month":3,"year":2013,"count":1285,"avg_rating":4.571206225680934}
{"category":"CDs_and_Vinyl","month":3,"year":2012,"count":563,"avg_rating":4.4014209591474245}
{"category":"CDs_and_Vinyl","month":3,"year":2011,"count":431,"avg_rating":4.303944315545244}
