{"category":"Movies_and_TV","month":5,"year":2003,"count":1734,"avg_rating":3.976931949250288}
{"category":"Movies_and_TV","month":4,"year":2014,"count":6373,"avg_rating":4.388827867566295}
{"category":"Movies_and_TV","month":4,"year":2013,"count":6399,"avg_rating":4.417408970151587}
{"category":"Movies_and_TV","month":4,"year":2012,"count":1648,"avg_rating":4.256067961165049}
{"category":"Movies_and_TV","month":4,"year":2011,"count":1427,"avg_rating":4.105816398037842}
{"category":"Movies_and_TV","month":4,"year":2010,"count":1475,"avg_rating":4.056271186440678}
{"category":"Movies_and_TV","month":4,"year":2009,"count":1591,"avg_rating":4.0}
{"category":"Movies_and_TV","month":4,"year":2008,"count":1828,"avg_rating":4.040481400437637}
{"category":"Movies_and_TV","month":4,"year":2007,"count":2170,"avg_rating":4.042396313364056}
{"category":"Movies_and_TV","month":4,"year":2006,"count":2684,"avg_rating":3.9482116244411327}
{"category":"Movies_and_TV","month":4,"year":2005,"count":2672,"avg_rating":3.8802395209580838}
{"category":"Movies_and_TV","month":4,"year":2004,"count":2327,"avg_rating":3.924795874516545}
{"category":"Movies_and_TV","month":4,"year":2003,"count":1795,"avg_rating":3.9832869080779942}
