{"category":"CDs_and_Vinyl","month":10,"year":2003,"count":1596,"avg_rating":4.271929824561403}
{"category":"CDs_and_Vinyl","month":9,"year":2013,"count":941,"avg_rating":4.514346439957492}
{"category":"CDs_and_Vinyl","month":9,"year":2012,"count":554,"avg_rating":4.382671480144404}
{"category":"CDs_and_Vinyl","month":9,"year":2011,"count":430,"avg_rating":4.416279069767442}
{"category":"CDs_and_Vinyl","month":9,"year":2010,"count":406,"avg_rating":4.332512315270936}
{"category":"CDs_and_Vinyl","month":9,"year":2009,"count":628,"avg_rating":4.39171974522293}
{"category":"CDs_and_Vinyl","month":9,"year":2008,"count":544,"avg_rating":4.257352941176471}
{"category":"CDs_and_Vinyl","month":9,"year":2007,"count":842,"avg_rating":4.2992874109263655}
{"category":"CDs_and_Vinyl","month":9,"year":2006,"count":1121,"avg_rating":4.133809099018733}
{"category":"CDs_and_Vinyl","month":9,"year":2005,"count":2168,"avg_rating":4.105166051660516}
{"category":"CDs_and_Vinyl","month":9,"year":2004,"count":1486,"avg_rating":4.216016150740242}
{"category":"CDs_and_Vinyl","month":9,"year":2003,"count":1279,"avg_rating":4.281469898358092}
