{"category":"Baby","month":11,"year":2011,"count":966,"avg_rating":4.166666666666667}
{"category":"Baby","month":11,"year":2010,"count":549,"avg_rating":4.087431693989071}
{"category":"Baby","month":11,"year":2009,"count":186,"avg_rating":4.155913978494624}
{"category":"Baby","month":11,"year":2008,"count":67,"avg_rating":4.134328358208955}
{"category":"Baby","month":11,"year":2007,"count":27,"avg_rating":4.37037037037037}
{"category":"Baby","month":11,"year":2006,"count":19,"avg_rating":4.0}
{"category":"Baby","month":11,"year":2005,"count":50,"avg_rating":4.24}
{"category":"Baby","month":11,"year":2004,"count":38,"avg_rating":3.6842105263157894}
{"category":"Baby","month":11,"year":2003,"count":14,"avg_rating":4.071428571428571}
{"category":"Baby","month":10,"year":2013,"count":3731,"avg_rating":4.295631198070223}
{"category":"Baby","month":10,"year":2012,"count":1543,"avg_rating":4.166558651976668}
{"category":"Baby","month":10,"year":2011,"count":932,"avg_rating":4.265021459227468}
